Título;Artista;Gênero;Tonalidade;Lançamento
#SELFIE - Original Mix;The Chainsmokers;pop, Dance/Electronic;C;2014
#thatPOWER;will.i.am;hip hop, pop;F#;2013
'Till I Collapse;Eminem;hip hop;C#;2002
(When You Gonna) Give It Up to Me (feat. Keyshia Cole) - Radio Version;Sean Paul;hip hop, pop;Ab;2006
...Ready For It?;Taylor Swift;pop;D;2017
03' Bonnie & Clyde;JAY-Z;hip hop;A;2002
1 Thing;Amerie;hip hop, pop, R&B;Bb;2008
1, 2 Step (feat. Missy Elliott) - Main;Ciara;pop, R&B;F;2005
1, 2, 3 (feat. Jason Derulo & De La Ghetto);Sofía Reyes;pop, latin;C#;2018
17;MK;pop, Dance/Electronic;C;2017
1955;Hilltop Hoods;hip hop, pop;B;2016
1973;James Blunt;pop;A;2007
2 On (feat. ScHoolboy Q);Tinashe;hip hop, pop, R&B, Dance/Electronic;A;2014
2 Phones;Kevin Gates;hip hop, pop;G;2016
2002;Anne-Marie;pop, Dance/Electronic;C#;2018
21 Guns;Green Day;rock;F;2009
21 Questions;50 Cent;hip hop, pop;F#;2003
21 Seconds;So Solid Crew;Dance/Electronic;C#;2001
212;Azealia Banks;hip hop, pop, R&B;B;2014
22;Taylor Swift;pop;G;2012
24K Magic;Bruno Mars;pop;C#;2016
2U (feat. Justin Bieber);David Guetta;hip hop, pop, Dance/Electronic;Ab;2017
3 Nights;Dominic Fike;rock, pop;G;2018
3005;Childish Gambino;hip hop;F#;2013
4 Minutes (feat. Justin Timberlake & Timbaland);Madonna;pop;D;2009
4 My People (feat. Eve);Missy Elliott;hip hop, pop, R&B;C#;2001
6 Foot 7 Foot;Lil Wayne;hip hop, pop;D;2011
679 (feat. Remy Boyz);Fetty Wap;hip hop, pop;G;2015
7 Days;Craig David;hip hop, pop, R&B;E;2000
7 rings;Ariana Grande;pop;C#;2019
7/11;Beyoncé;pop, R&B;A;2014
A Little Less Conversation - JXL Radio Edit Remix;Elvis Presley;rock, easy listening;E;2002
A Milli;Lil Wayne;hip hop, pop;F#;2008
A Moment Like This;Leona Lewis;pop, R&B;Ab;2007
A New Day Has Come - Radio Remix;Céline Dion;pop;F#;2001
A Sky Full of Stars;Coldplay;rock, pop;F#;2014
A Thousand Miles;Vanessa Carlton;Folk/Acoustic, pop;B;2002
A Thousand Years;Christina Perri;pop;Bb;2011
A Woman's Worth;Alicia Keys;pop, R&B;E;2001
AM To PM;Christina Milian;hip hop, pop, R&B;Bb;2001
About You Now;Sugababes;pop, R&B;C#;2007
Acceptable in the 80's;Calvin Harris;hip hop, pop, Dance/Electronic;G;2007
Adan y Eva;Paulo Londra;hip hop, latin, Dance/Electronic;C#;2019
Addicted;Saving Abel;rock, metal;G;2008
Addictive;Truth Hurts;pop, R&B;B;2002
Adventure of a Lifetime;Coldplay;rock, pop;G;2015
Again;Lenny Kravitz;rock, pop;D;2000
Against All Odds (Take A Look at Me Now) (feat. Westlife);Mariah Carey;pop, R&B;C#;2011
Ai Se Eu Te Pego - Live;Michel Teló;country, latin;B;2012
Ain't It Funny;Jennifer Lopez;hip hop, pop, R&B;F;2001
Ain't My Fault;Zara Larsson;pop, Dance/Electronic;F#;2017
Ain't No Other Man;Christina Aguilera;pop;G;2006
Ain't Nobody (Loves Me Better) (feat. Jasmine Thompson);Felix Jaehn;hip hop, pop, Dance/Electronic;D;2018
Air Force Ones;Nelly;hip hop, pop, R&B;E;2002
Airplanes (feat. Hayley Williams of Paramore);B.o.B;hip hop, pop;F#;2010
Alarm;Anne-Marie;pop, Dance/Electronic;C;2016
Alejandro;Lady Gaga;pop;B;2009
All About That Bass;Meghan Trainor;pop;A;2015
All Day And Night;Jax Jones;hip hop, pop, Dance/Electronic;C#;2019
All Eyes on You (feat. Chris Brown & Nicki Minaj);Meek Mill;hip hop, pop;B;2015
All Falls Down;Kanye West;hip hop;Ab;2004
All For You;Janet Jackson;pop, R&B;D;2001
All I Do Is Win (feat. T-Pain, Ludacris, Snoop Dogg & Rick Ross);DJ Khaled;hip hop, pop;Bb;2010
All I Ever Wanted - Radio Edit;Basshunter;pop;E;2008
All I Have (feat. LL Cool J);Jennifer Lopez;hip hop, pop, R&B;C#;2002
All I Want - Sunship Radio Edit;Mis-Teeq;pop, Dance/Electronic;A;2004
All In My Head (Flex) (feat. Fetty Wap);Fifth Harmony;pop;C;2016
All Night;The Vamps;pop;Ab;2017
All Of The Lights;Kanye West;hip hop;C#;2010
All Rise;Blue;pop;F;2001
All The Right Moves;OneRepublic;pop;C;2009
All The Small Things;blink-182;rock, pop;C;1999
All The Stars (with SZA);Kendrick Lamar;hip hop;Ab;2018
All The Things She Said;t.A.T.u.;pop;F;2020
All Time Low;The Wanted;pop, Dance/Electronic;Ab;2010
All Time Low;Jon Bellion;hip hop, pop;C;2016
All You Wanted;Michelle Branch;pop, Folk/Acoustic;Ab;2001
All of Me;John Legend;pop, R&B;Ab;2013
Almost Here;Brian McFadden;set();A;2004
Alone;Marshmello;pop, Dance/Electronic;D;2016
Alors on danse - Radio Edit;Stromae;pop;C#;2010
Already Gone;Kelly Clarkson;pop, R&B;A;2009
Always On Time;Ja Rule;hip hop, pop, R&B;F;2001
Am I Wrong;Nico & Vinz;hip hop, pop;Ab;2014
Amazing;George Michael;set();Bb;2004
America;Razorlight;rock, pop;D;2006
American Boy;Estelle;R&B;C;2008
American Idiot;Green Day;rock;C#;2004
American Pie;Madonna;pop;F;2000
Anaconda;Nicki Minaj;hip hop, pop;A;2014
Angel;Amanda Perez;pop, R&B;C;2003
Animal;Neon Trees;rock, pop;F;2010
Animals;Maroon 5;pop;E;2014
Animals - Radio Edit;Martin Garrix;pop, Dance/Electronic;C#;2013
Another Chance;Roger Sanchez;Dance/Electronic;Eb;2000
Another Day in Paradise - R&B-Version;Brandy;hip hop, pop, R&B;F#;2002
Another Love;Tom Odell;pop;E;2013
Another Way to Die;Jack White;rock, blues;E;2007
Answerphone (feat. Yxng Bane);Banx & Ranx;Dance/Electronic;C#;2018
Antidote;Travis Scott;hip hop, Dance/Electronic;C#;2015
Antisocial (with Travis Scott);Ed Sheeran;pop;F;2019
Anyone of Us (Stupid Mistake);Gareth Gates;pop;C#;2003
Anywhere;Rita Ora;hip hop, pop, Dance/Electronic;B;2017
Apologize;Timbaland;hip hop, pop, R&B;Ab;2007
Are You With Me - Radio Edit;Lost Frequencies;pop, Dance/Electronic;F;2014
As Good As I Once Was;Toby Keith;country;F;2005
As Long As You Love Me;Justin Bieber;pop;C;2012
Ass Back Home (feat. Neon Hitch);Gym Class Heroes;hip hop, pop;Bb;2011
Ass Like That;Eminem;hip hop;D;2004
Attention;Charlie Puth;pop;Eb;2017
Axel F;Crazy Frog;pop;D;2005
Ayo;Chris Brown;hip hop, pop, R&B;F#;2015
Ayo Technology;50 Cent;hip hop, pop;Ab;2007
BIG BANK (feat. 2 Chainz, Big Sean, Nicki Minaj);YG;hip hop, pop;C#;2018
BURN IT DOWN;Linkin Park;rock, metal;A;2012
BUTTERFLY EFFECT;Travis Scott;hip hop, Dance/Electronic;B;2017
Baby;Ashanti;hip hop, pop, R&B;E;2002
Baby;Justin Bieber;pop;F;2010
Baby Boy (feat. Sean Paul);Beyoncé;pop, R&B;C#;2003
Baby, I'm Back;Baby Bash;hip hop, pop, R&B, latin;A;2005
Back To Black;Amy Winehouse;R&B;G;2006
Back To December;Taylor Swift;pop;D;2010
Bad (feat. Rihanna) - Remix;Wale;hip hop, pop, R&B;F#;2013
Bad (feat. Vassy) - Radio Edit;David Guetta;hip hop, pop, Dance/Electronic;F;2014
Bad At Love;Halsey;pop, Dance/Electronic;C;2017
Bad Blood;Taylor Swift;pop;G;2014
Bad Blood;Taylor Swift;pop;B;2015
Bad Boys (feat. Flo Rida);Alexandra Burke;pop;C#;2009
Bad Day;Daniel Powter;pop;Eb;2005
Bad Romance;Lady Gaga;pop;C;2009
Bad Romance;Lady Gaga;pop;C;2009
Bad Vibe;M.O;pop, Dance/Electronic;Bb;2018
Bad and Boujee (feat. Lil Uzi Vert);Migos;hip hop, pop;B;2017
Bag Lady;Erykah Badu;hip hop, R&B;F;2000
Bailando - Spanish Version;Enrique Iglesias;pop, latin;G;2014
Bananza (Belly Dancer);Akon;pop;Bb;2004
Bang Bang;Jessie J;hip hop, pop;C;2014
Bang My Head (feat. Sia & Fetty Wap);David Guetta;hip hop, pop, Dance/Electronic;C;2015
Bangarang (feat. Sirah);Skrillex;hip hop, pop, Dance/Electronic;G;2011
Bank Account;21 Savage;hip hop;Ab;2017
Barbra Streisand - Radio Edit;Duck Sauce;Dance/Electronic;C#;2010
Bartender (feat. Akon);T-Pain;hip hop, pop, R&B;Ab;2007
Battle Scars (feat. Lupe Fiasco);Guy Sebastian;pop;F;2012
Battlefield;Jordin Sparks;pop, R&B;D;2009
Be Alright;Dean Lewis;pop;B;2018
Be Faithful;Fatman Scoop;hip hop;G;2009
Be With You;Enrique Iglesias;pop, latin;C#;1999
Be Without You - Kendu Mix;Mary J. Blige;pop, R&B;D;2005
Beat Again - Radio Edit;JLS;pop;B;2009
Beautiful;Snoop Dogg;hip hop, pop;B;2005
Beautiful;Akon;pop;C;2008
Beautiful Girls;Sean Kingston;hip hop, pop, R&B;C#;2007
Beautiful Liar;Beyoncé;pop, R&B;Ab;2007
Beautiful Monster;Ne-Yo;pop, R&B;F;2010
Beautiful People;Chris Brown;hip hop, pop, R&B;F;2019
Beauty And A Beat;Justin Bieber;pop;C;2012
Because I Got High;Afroman;hip hop;G;2001
Because Of You;Ne-Yo;pop, R&B;C;2007
Because of You;Kelly Clarkson;pop, R&B;F;2004
Bed;J. Holiday;hip hop, pop, R&B, Dance/Electronic;F;2007
Bed Of Lies;Nicki Minaj;hip hop, pop;B;2014
BedRock;Young Money;hip hop, pop;Ab;2009
Beep;The Pussycat Dolls;pop, R&B;G;2005
Before He Cheats;Carrie Underwood;pop, country;F#;2005
Beggin (original version);Madcon;hip hop, pop;E;2007
Behind Blue Eyes;Limp Bizkit;metal;G;2003
Behind These Hazel Eyes;Kelly Clarkson;pop, R&B;A;2004
Believer;Imagine Dragons;rock;Bb;2017
Bent;Matchbox Twenty;pop, rock;F#;2000
Berzerk;Eminem;hip hop;B;2013
Best I Ever Had;Drake;hip hop, pop, R&B;F;2010
Best Song Ever;One Direction;pop;C#;2013
Best Thing I Never Had;Beyoncé;pop, R&B;F#;2011
Best of You;Foo Fighters;rock, metal;C#;2005
Better;Khalid;pop, R&B;C;2018
Better Now;Post Malone;hip hop;Bb;2018
Better Now;Post Malone;hip hop;Bb;2018
Better Off Alone;Alice Deejay;pop;Ab;2000
Better Than Me;Hinder;pop, rock, metal;D;2019
Better in Time;Leona Lewis;pop, R&B;F#;2007
Big Girls Don't Cry (Personal);Fergie;pop, R&B;G;2006
Big Green Tractor;Jason Aldean;country;E;2009
Big Pimpin';JAY-Z;hip hop;B;1999
Big Yellow Taxi;Counting Crows;rock, pop;Ab;2003
Billionaire (feat. Bruno Mars);Travie McCoy;hip hop, pop;F#;2010
Birthday Sex;Jeremih;hip hop, pop, R&B;G;2009
Bitch Better Have My Money;Rihanna;hip hop, pop, R&B;C#;2015
Black & Gold - Radio Edit;Sam Sparro;pop, Dance/Electronic;E;2008
Black Beatles;Rae Sremmurd;hip hop, pop;C;2016
Black Betty - Edit;Spiderbait;rock;G;2004
Black Horse And The Cherry Tree;KT Tunstall;World/Traditional, pop, Folk/Acoustic;E;2005
Black Magic;Little Mix;pop;E;2015
Black Skinhead;Kanye West;hip hop;C#;2013
Black Widow;Iggy Azalea;hip hop, pop;B;2014
Black and Yellow;Wiz Khalifa;hip hop, pop;D;2011
Blah Blah Blah (feat. 3OH!3);Kesha;pop, Dance/Electronic;Bb;2010
Blame (feat. John Newman);Calvin Harris;hip hop, pop, Dance/Electronic;C;2014
Blame It;Jamie Foxx;hip hop, pop, R&B;G;2008
Blank Space;Taylor Swift;pop;F;2014
Bleed It Out;Linkin Park;rock, metal;C#;2007
Bleeding Love;Leona Lewis;pop, R&B;F;2007
Blind Faith;Chase & Status;Dance/Electronic;A;2011
Blow;Kesha;pop, Dance/Electronic;B;2010
Blown Away;Carrie Underwood;pop, country;A;2012
Blurred Lines;Robin Thicke;pop, R&B;G;2013
Blurry;Puddle Of Mudd;rock, metal;Eb;2001
Boasty (feat. Idris Elba);Wiley;hip hop, Dance/Electronic;D;2019
Bodak Yellow;Cardi B;hip hop, pop;B;2018
Bodak Yellow;Cardi B;hip hop, pop;B;2017
Body (feat. brando);Loud Luxury;pop, Dance/Electronic;C#;2017
Body Party;Ciara;pop, R&B;D;2013
Bonfire Heart;James Blunt;pop;C;2013
Bonkers;Dizzee Rascal;hip hop, pop, Dance/Electronic;B;2011
Boom Boom Pow;Black Eyed Peas;hip hop, pop;A;2009
Boom Clap;Charli XCX;pop, Dance/Electronic;E;2014
Bootylicious;Destiny's Child;pop, R&B;C#;2001
Bored;Billie Eilish;pop, Dance/Electronic;G;2017
Born This Way;Lady Gaga;pop;B;2011
Born To Die;Lana Del Rey;pop;E;2012
Born to Make You Happy;Britney Spears;pop;B;1999
Born to Try;Delta Goodrem;pop;Ab;2003
Bossy;Kelis;pop, R&B, Dance/Electronic;E;2006
Bottoms Up (feat. Nicki Minaj);Trey Songz;hip hop, pop, R&B;C#;2010
Boulevard of Broken Dreams;Green Day;rock;Ab;2004
Bounce (feat. Kelis) - Radio Edit;Calvin Harris;hip hop, pop, Dance/Electronic;D;2012
Bounce Back;Big Sean;hip hop, pop;C#;2017
Bounce With Me (feat. Xscape) - Edited Album Version;Bow Wow;hip hop, pop, R&B;Ab;2000
Boy With Luv (feat. Halsey);BTS;pop;B;2019
Boyfriend;Justin Bieber;pop;Bb;2012
Break Free;Ariana Grande;pop;G;2014
Break Up;Mario;pop, R&B;C;2009
Break Your Heart;Taio Cruz;hip hop, pop;Eb;2010
Break the Ice;Britney Spears;pop;F;2007
Breaking the Habit;Linkin Park;rock, metal;E;2003
Breathe;Jax Jones;hip hop, pop, Dance/Electronic;B;2017
Breathe;Jax Jones;hip hop, pop, Dance/Electronic;B;2017
Breathe;Faith Hill;pop, country;G;1999
Breathless;The Corrs;pop, Folk/Acoustic;B;2000
Breezeblocks;alt-J;rock;F;2012
Brianstorm;Arctic Monkeys;rock;C#;2007
Bring Em Out;T.I.;hip hop, pop;B;2004
Bring Me To Life;Evanescence;metal;E;2003
Broken Strings;James Morrison;pop, R&B;C#;2008
Broken Strings;James Morrison;pop, R&B;C#;2008
Bulletproof;La Roux;pop, Dance/Electronic;Eb;2009
Bump, Bump, Bump (feat. P. Diddy);B2K;hip hop, pop, R&B;C#;2003
Burn;Ellie Goulding;pop, rock, Dance/Electronic;C#;2014
Burn;Ellie Goulding;pop, rock, Dance/Electronic;C#;2014
Burnin' Up;Jonas Brothers;pop;D;2008
Bust It Baby, Pt. 2 (feat. Ne-Yo);Plies;hip hop, pop, R&B;F;2008
Butterfly;Crazy Town;rock, metal;A;1999
Buttons;The Pussycat Dolls;pop, R&B;D;2005
Buy U a Drank (Shawty Snappin') (feat. Yung Joc);T-Pain;hip hop, pop, R&B;C#;2007
Buzzin Remix;Mann;hip hop, pop;Bb;2011
By the Way;Red Hot Chili Peppers;rock;C;2002
Bye Bye Bye;*NSYNC;pop;Ab;2000
C'Mon;Kesha;pop, Dance/Electronic;C#;2012
CAN'T STOP THE FEELING! (from DreamWorks Animation's "TROLLS");Justin Timberlake;pop;C;2016
Cake By The Ocean;DNCE;pop;E;2016
California Gurls;Katy Perry;pop;C;2012
Call Me Maybe;Carly Rae Jepsen;pop, Dance/Electronic;G;2012
Call Me When You're Sober;Evanescence;metal;G;2006
Call Out My Name;The Weeknd;pop, R&B;C#;2018
Call on Me - Radio Mix;Eric Prydz;pop, Dance/Electronic;Bb;2004
Call on Me - Ryan Riback Remix;Starley;pop, Dance/Electronic;C;2016
Callaita;Bad Bunny;latin;D;2019
Calma - Remix;Pedro Capó;pop, latin;B;2018
Can't Be Tamed;Miley Cyrus;pop;B;2010
Can't Believe It (feat. Lil' Wayne);T-Pain;hip hop, pop, R&B;Bb;2008
Can't Feel My Face;The Weeknd;pop, R&B;A;2015
Can't Fight The Moonlight;LeAnn Rimes;pop, country;F#;2001
Can't Get You out of My Head;Kylie Minogue;pop, Dance/Electronic;A;2001
Can't Help but Wait;Trey Songz;hip hop, pop, R&B;Ab;2007
Can't Hold Us (feat. Ray Dalton);Macklemore & Ryan Lewis;hip hop, pop;D;2012
Can't Hold Us Down (feat. Lil' Kim);Christina Aguilera;pop;Ab;2002
Can't Let You Go (feat. Mike Shorey & Lil' Mo);Fabolous;hip hop, pop, R&B;A;2003
Can't Stop;Red Hot Chili Peppers;rock;A;2002
Can't Tell Me Nothing;Kanye West;hip hop;F;2007
Candy;Robbie Williams;pop, rock;Bb;2012
Candy Shop;50 Cent;hip hop, pop;B;2005
Candyman;Christina Aguilera;pop;Ab;2006
Carry Out (Featuring Justin Timberlake);Timbaland;hip hop, pop, R&B;Bb;2009
Case Of The Ex (Whatcha Gonna Do);Mýa;pop, R&B;C#;2000
Cater 2 U;Destiny's Child;pop, R&B;B;2004
Caught Up;Usher;hip hop, pop, R&B;F#;2004
Caught in the Middle;A1;pop;F;2001
Centuries;Fall Out Boy;rock;E;2015
Cha Cha Slide - Hardino Mix;DJ Casper;set();B;2004
Chain Hang Low;Jibbs;hip hop, pop;E;2006
Chained To The Rhythm;Katy Perry;pop;C;2017
Champion (feat. Chris Brown);Chip;hip hop, Dance/Electronic;F#;2011
Chandelier;Sia;pop;C#;2014
Changed the Way You Kiss Me - Radio Edit;Example;pop, Dance/Electronic;E;2011
Chasing Pavements;Adele;pop, R&B;F;2008
Chasing The Sun;The Wanted;pop, Dance/Electronic;G;2012
Cheap Thrills (feat. Sean Paul);Sia;pop;F#;2016
Check On It (feat. Slim Thug);Beyoncé;pop, R&B;G;2006
Chelsea Dagger;The Fratellis;rock;G;2006
Chill Bill (feat. J. Davi$ & Spooks);Rob $tone;hip hop;F#;2016
Chill Bill (feat. J. Davi$ & Spooks);Rob $tone;hip hop;F#;2016
China;Anuel AA;latin;G;2019
Ciao Adios;Anne-Marie;pop, Dance/Electronic;E;2017
Circles;Post Malone;hip hop;C;2019
Circus;Britney Spears;pop;F#;2008
Clarity;Zedd;hip hop, pop, Dance/Electronic;Ab;2012
Classic;MKTO;hip hop, pop;C#;2012
Cleanin' Out My Closet;Eminem;hip hop;A;2002
Clint Eastwood;Gorillaz;hip hop;Bb;2001
Clocks;Coldplay;rock, pop;F;2002
Clocks;Coldplay;rock, pop;F;2002
Close;Nick Jonas;pop;F#;2016
Closer;The Chainsmokers;pop, Dance/Electronic;Ab;2016
Closer;Lemaitre;pop;D;2017
Closer;Ne-Yo;pop, R&B;E;2008
Clout (feat. Cardi B);Offset;hip hop, pop;C#;2019
Club Can't Handle Me (feat. David Guetta);Flo Rida;hip hop, pop;C;2010
Clumsy;Fergie;pop, R&B;D;2006
CoCo;O.T. Genasis;hip hop, pop;Ab;2014
Cold (feat. Future);Maroon 5;pop;A;2017
Cold Water (feat. Justin Bieber & MØ);Major Lazer;hip hop, pop, Dance/Electronic;F#;2016
Cold as Ice;M.O.P.;hip hop;B;2000
Collard Greens;ScHoolboy Q;hip hop, pop;B;2014
Come & Get It;Selena Gomez;pop;G;2013
Come With Me - Radio Edit;Special D.;pop;G;2004
Come on over Baby (All I Want Is You) - Radio Version;Christina Aguilera;pop;Ab;1999
Come to Me (feat. Nicole Scherzinger);Diddy;hip hop, pop;F#;2006
Comfortably Numb;Scissor Sisters;pop, rock, Dance/Electronic;G;2004
Coming Home;Diddy - Dirty Money;hip hop, pop, R&B;G;2010
Commander;Kelly Rowland;hip hop, pop, R&B;B;2011
Complicated;Avril Lavigne;pop;F;2002
Con Calma;Daddy Yankee;latin;Ab;2019
Confident;Demi Lovato;pop;Eb;2015
Congratulations;Post Malone;hip hop;F#;2016
Control Myself;LL Cool J;hip hop, pop, R&B;Bb;2006
Cookie Jar (feat. The-Dream);Gym Class Heroes;hip hop, pop;F;2008
Cool;Gwen Stefani;pop, R&B;D;2004
Cool Girl;Tove Lo;pop, Dance/Electronic;A;2016
Cool Kids;Echosmith;pop;Ab;2013
Cool for the Summer;Demi Lovato;pop;F;2015
Cooler Than Me - Single Mix;Mike Posner;hip hop, pop, Dance/Electronic;G;2010
Corazón (feat. Nego do Borel);Maluma;latin;A;2018
Counting Stars;OneRepublic;pop;C#;2014
Country Grammar (Hot Shit);Nelly;hip hop, pop, R&B;D;2000
Crack A Bottle;Eminem;hip hop;A;2009
Crank That (Soulja Boy);Soulja Boy;hip hop, pop;C;2007
Crank That (Soulja Boy);Soulja Boy;hip hop, pop;C;2007
Crash and Burn;Savage Garden;pop;E;1999
Crazy;K-Ci & JoJo;pop, R&B;C;2019
Crazy;Gnarls Barkley;hip hop, R&B;Ab;2006
Crazy In Love (feat. Jay-Z);Beyoncé;pop, R&B;D;2003
Criminal;Natti Natasha;pop, latin;D;2017
Cross Me (feat. Chance the Rapper & PnB Rock);Ed Sheeran;pop;E;2019
Crossroads - Radio Edit;Blazin' Squad;set();E;2012
Cruel Summer;Taylor Swift;pop;A;2019
Cruise;Florida Georgia Line;country;Bb;2012
Crush;David Archuleta;pop;C;2008
Cry Me a River;Justin Timberlake;pop;Ab;2002
Cry for You;September;pop, Dance/Electronic;A;2007
Cry for You;September;pop, Dance/Electronic;A;2007
Cupid's Chokehold / Breakfast in America - Radio Mix;Gym Class Heroes;hip hop, pop;C#;2007
DARE;Gorillaz;hip hop;B;2005
DJ Got Us Fallin' In Love (feat. Pitbull);Usher;hip hop, pop, R&B;G;2010
DNA.;Kendrick Lamar;hip hop;C;2017
DONTTRUSTME;3OH!3;hip hop, pop, rock;F;2008
DUELE EL CORAZON (feat. Wisin);Enrique Iglesias;pop, latin;Ab;2016
Daddy Issues;The Neighbourhood;rock, pop;Bb;2015
Dakota;Stereophonics;rock, pop;E;2005
Damaged;Danity Kane;pop, R&B;Ab;2008
Damn! (feat. Lil' Jon) - Club Mix;Youngbloodz;hip hop, pop;F#;2003
Dance Again;Jennifer Lopez;hip hop, pop, R&B;B;2012
Dance Monkey;Tones And I;pop;F#;2019
Dance Wiv Me - Radio Edit;Dizzee Rascal;hip hop, pop, Dance/Electronic;B;2011
Dance with Me;Debelah Morgan;pop, R&B;G;2000
Dance, Dance;Fall Out Boy;rock;B;2005
Dancing On My Own;Robyn;pop, Dance/Electronic;F#;2010
Dancing With A Stranger (with Normani);Sam Smith;pop;Ab;2019
Danger! High Voltage - Soulchild Radio Mix;Electric Six;rock;B;2003
Dangerous;Kardinal Offishall;hip hop, pop, R&B;Ab;2008
Dangerous Woman;Ariana Grande;pop;G;2016
Dangerously;Charlie Puth;pop;D;2016
Dani California;Red Hot Chili Peppers;rock;C;2006
Danza Kuduro (feat. Don Omar);Lucenzo;latin;G;2011
Dark Horse;Katy Perry;pop;F#;2013
Day 'N' Nite (Nightmare);Kid Cudi;hip hop;B;2009
Daylight;Maroon 5;pop;G;2012
Days Go By;Dirty Vegas;Dance/Electronic;A;2002
Dead And Gone;T.I.;hip hop, pop;C;2008
Dear Darlin';Olly Murs;pop, Dance/Electronic;B;2012
Dear Maria, Count Me In;All Time Low;rock;D;2007
Deja Vu (feat. Jay-Z);Beyoncé;pop, R&B;G;2007
Demons;Imagine Dragons;rock;Eb;2012
Desert Rose;Sting;rock, pop;C;1999
Despacito (Featuring Daddy Yankee);Luis Fonsi;pop, latin;D;2017
Destination Calabria - Radio Edit;Alex Gaudino;Dance/Electronic;D;2007
Deuces (feat. Tyga & Kevin McCall);Chris Brown;hip hop, pop, R&B;C#;2011
Diamonds;Rihanna;hip hop, pop, R&B;B;2012
Diamonds From Sierra Leone - Remix;Kanye West;hip hop;G;2005
Diary (feat. Tony! Toni! Tone! & Jermaine Paul);Alicia Keys;pop, R&B;Ab;2003
Die Another Day;Madonna;pop;C;2003
Die Young;Kesha;pop, Dance/Electronic;C#;2012
Differences;Ginuwine;hip hop, pop, R&B;Eb;2001
Dilemma;Nelly;hip hop, pop, R&B;D;2002
Dip It Low;Christina Milian;hip hop, pop, R&B;B;2004
Dirrty (feat. Redman);Christina Aguilera;pop;D;2002
Dirt Off Your Shoulder;JAY-Z;hip hop;C#;2003
Dirt Road Anthem;Jason Aldean;country;D;2010
Dirty Little Secret;The All-American Rejects;rock, pop;Bb;2005
Dirty Little Secret;The All-American Rejects;rock, pop;Bb;2005
Disco Inferno;50 Cent;hip hop, pop;Eb;2005
Disturbia;Rihanna;hip hop, pop, R&B;B;2008
Do I Wanna Know?;Arctic Monkeys;rock;F;2013
Do It Again;Pia Mia;pop, R&B;Ab;2015
Do It Like A Dude;Jessie J;hip hop, pop;D;2011
Do It To It;Cherish;hip hop, pop, R&B;D;2006
Do You Know? (The Ping Pong Song);Enrique Iglesias;pop, latin;Ab;2007
Do You Really Like It? - Radio Edit;DJ Pied Piper & The Masters Of Ceremonies;Dance/Electronic;D;2001
Do You Remember;Jay Sean;hip hop, pop, R&B;B;2009
Do You Want To;Franz Ferdinand;rock;C;2005
Doesn't Really Matter;Janet Jackson;pop, R&B;F;2001
Doin' Time;Lana Del Rey;pop;G;2019
Domino;Jessie J;hip hop, pop;G;2011
Don't;Ed Sheeran;pop;C#;2014
Don't;Bryson Tiller;hip hop, pop, R&B;B;2015
Don't;Bryson Tiller;hip hop, pop, R&B;B;2015
Don't Call Me Baby;Madison Avenue;Dance/Electronic;Eb;1999
Don't Call Me Up;Mabel;pop, Dance/Electronic;A;2019
Don't Cha;The Pussycat Dolls;pop, R&B;C#;2005
Don't Forget About Us - Radio Edit;Mariah Carey;pop, R&B;Bb;2005
Don't Give Up;Chicane;Dance/Electronic;Bb;2016
Don't Hold Your Breath;Nicole Scherzinger;pop, Dance/Electronic;F;2011
Don't Let Me Down;The Chainsmokers;pop, Dance/Electronic;B;2016
Don't Let Me Get Me - Radio Edit;P!nk;pop;C;2001
Don't Lie;Black Eyed Peas;hip hop, pop;A;2005
Don't Love You No More (I'm Sorry);Craig David;hip hop, pop, R&B;G;2005
Don't Matter;Akon;pop;D;2006
Don't Mind;Kent Jones;hip hop;Ab;2016
Don't Phunk With My Heart;Black Eyed Peas;hip hop, pop;F;2005
Don't Start Now;Dua Lipa;pop;B;2019
Don't Stop Movin';S Club 7;pop;G;2001
Don't Stop The Music;Rihanna;hip hop, pop, R&B;F#;2008
Don't Stop the Party (feat. TJR);Pitbull;hip hop, pop, latin;E;2012
Don't Tell 'Em;Jeremih;hip hop, pop, R&B;D;2015
Don't Tell Me;Madonna;pop;G;2000
Don't Tell Me;Avril Lavigne;pop;E;2004
Don't Think I'm Not;Kandi;pop, R&B;B;2000
Don't Wake Me Up;Chris Brown;hip hop, pop, R&B;G;2012
Don't Wanna Go Home;Jason Derulo;hip hop, pop;D;2011
Don't Wanna Know (feat. Kendrick Lamar);Maroon 5;pop;G;2018
Don't Wanna Try;Frankie J;hip hop, pop, R&B;F;2003
Don't You Worry Child - Radio Edit;Swedish House Mafia;pop, Dance/Electronic;B;2012
Donald Trump;Mac Miller;hip hop;C#;2011
Done for Me (feat. Kehlani);Charlie Puth;pop;F#;2018
Down;Jay Sean;hip hop, pop, R&B;D;2009
Down;Jay Sean;hip hop, pop, R&B;D;2009
Down 4 U;Charli Baltimore;pop;G;2002
Down On Me;Jeremih;hip hop, pop, R&B;D;2010
Down With The Trumpets;Rizzle Kicks;hip hop;E;2011
Drag Me Down;One Direction;pop;C;2015
Dragostea Din Tei;O-Zone;pop;C;2004
Drinking from the Bottle (feat. Tinie Tempah);Calvin Harris;hip hop, pop, Dance/Electronic;A;2012
Drive By;Train;pop;C#;2012
Drop It Like It's Hot;Snoop Dogg;hip hop, pop;C#;2004
Drop It Like It's Hot;Snoop Dogg;hip hop, pop;C#;2004
Drops of Jupiter (Tell Me);Train;pop;C;2001
Drowning (feat. Kodak Black);A Boogie Wit da Hoodie;hip hop;F;2017
Drunk in Love (feat. Jay-Z);Beyoncé;pop, R&B;F;2014
Dura;Daddy Yankee;latin;C#;2018
Dusk Till Dawn (feat. Sia) - Radio Edit;ZAYN;pop, Dance/Electronic;B;2017
Dynamite;Taio Cruz;hip hop, pop;E;2010
E.T.;Katy Perry;pop;C#;2012
EARFQUAKE;Tyler, The Creator;hip hop;A;2019
Earned It (Fifty Shades Of Grey) - From The "Fifty Shades Of Grey" Soundtrack;The Weeknd;pop, R&B;D;2014
Earthquake (feat. Tinie Tempah);Labrinth;pop;C;2012
Easier;5 Seconds of Summer;pop;F;2019
Eastside (with Halsey & Khalid);benny blanco;hip hop, pop;F#;2018
Easy Love;Sigala;pop, Dance/Electronic;A;2018
Eenie Meenie;Sean Kingston;hip hop, pop, R&B;C#;2010
El Perdón - Forgiveness;Nicky Jam;latin;Ab;2017
Elastic Heart;Sia;pop;A;2014
Electric Love;BØRNS;rock, pop;F#;2015
Empire State Of Mind;JAY-Z;hip hop;B;2009
Empire State of Mind (Part II) Broken Down;Alicia Keys;pop, R&B;F#;2009
Escape;Enrique Iglesias;pop, latin;B;2001
Eternal Flame - Single Version;Atomic Kitten;pop;C;2001
Eternity;Robbie Williams;pop, rock;Bb;2001
Evacuate The Dancefloor;Cascada;hip hop, pop, Dance/Electronic;C;2009
Every Teardrop Is a Waterfall;Coldplay;rock, pop;A;2011
Everybody in Love;JLS;pop;F;2013
Everyday;Logic;hip hop, pop;C#;2018
Everyday I Love You Less And Less;Kaiser Chiefs;rock;C#;2005
Everytime;Britney Spears;pop;Eb;2003
Everytime We Touch - Radio Edit;Cascada;hip hop, pop, Dance/Electronic;Ab;2011
Everytime You Need Me - Radio Version;Fragma;pop, Dance/Electronic;B;2001
Exchange;Bryson Tiller;hip hop, pop, R&B;F#;2015
Excuse Me Miss;JAY-Z;hip hop;F#;2002
Eyes On You - Radio Mix;Jay Sean;hip hop, pop, R&B;G;2004
F**kin' Perfect;P!nk;pop;G;2010
F**kin' Problems (feat. Drake, 2 Chainz & Kendrick Lamar);A$AP Rocky;hip hop;C#;2013
FEFE;6ix9ine;hip hop;C#;2018
FRIENDS;Marshmello;pop, Dance/Electronic;A;2018
Face Down;The Red Jumpsuit Apparatus;pop;G;2006
Faded;Tyga;hip hop, pop;C#;2012
Faded;Alan Walker;Dance/Electronic;F#;2018
Faded;ZHU;Dance/Electronic;A;2014
Faint;Linkin Park;rock, metal;E;2003
Fake It;Seether;rock, metal;Ab;2007
Family Affair;Mary J. Blige;pop, R&B;Ab;2001
Fancy;Iggy Azalea;hip hop, pop;Bb;2014
Far Away;Nickelback;rock, metal;F#;2005
Fast Car;Jonas Blue;pop, Dance/Electronic;A;2015
Fast Car;Jonas Blue;pop, Dance/Electronic;A;2015
Feel Good Inc.;Gorillaz;hip hop;F#;2005
Feel So Close - Radio Edit;Calvin Harris;hip hop, pop, Dance/Electronic;G;2012
Feel This Moment (feat. Christina Aguilera);Pitbull;hip hop, pop, latin;G;2012
Feel the Love (feat. John Newman);Rudimental;pop, Dance/Electronic;C#;2013
Feels (feat. Pharrell Williams, Katy Perry & Big Sean);Calvin Harris;hip hop, pop, Dance/Electronic;B;2017
Fergalicious;Fergie;pop, R&B;Ab;2006
Fetish (feat. Gucci Mane);Selena Gomez;pop;D;2017
Fight For This Love;Cheryl;pop, Dance/Electronic;G;2009
Fighter;Christina Aguilera;pop;E;2002
Fill Me In;Craig David;hip hop, pop, R&B;Ab;2000
Fill Me In;Craig David;hip hop, pop, R&B;Ab;2000
Final Song;MØ;pop, Dance/Electronic;C#;2016
Find Your Love;Drake;hip hop, pop, R&B;F#;2010
Fine China;Chris Brown;hip hop, pop, R&B;Bb;2013
Finesse - Remix; feat. Cardi B;Bruno Mars;pop;F;2017
Fire;Kasabian;rock;Bb;2009
Fire Burning;Sean Kingston;hip hop, pop, R&B;C#;2009
Fireflies;Owl City;rock, pop;Eb;2009
Firestone;Kygo;pop, Dance/Electronic;B;2016
Firework;Katy Perry;pop;Ab;2010
Fit but You Know It;The Streets;hip hop, Dance/Electronic;F#;2004
Five More Hours;Deorro;pop, Dance/Electronic;F;2015
Flames;David Guetta;hip hop, pop, Dance/Electronic;F;2018
Flashing Lights;Kanye West;hip hop;F#;2007
Flex (Ooh, Ooh, Ooh);Rich Homie Quan;hip hop, pop;F#;2015
Foolish;Ashanti;hip hop, pop, R&B;C;2002
For You (Fifty Shades Freed) (& Rita Ora);Liam Payne;pop;D;2018
Forever;Chris Brown;hip hop, pop, R&B;B;2008
Forever;Drake;hip hop, pop, R&B;F;2009
Forgot About Dre;Dr. Dre;hip hop;Ab;1999
Freak Like Me;Sugababes;pop, R&B;F;2002
Freaky Friday (feat. Chris Brown);Lil Dicky;hip hop, pop;Ab;2018
Freek-A-Leek;Petey Pablo;hip hop, pop;D;2003
Freestyler;Bomfunk MC's;pop;B;2000
Friends (with BloodPop®);Justin Bieber;pop;Ab;2017
From Paris to Berlin;Infernal;pop;A;2004
Frontin' (feat. Jay-Z) - Club Mix;Pharrell Williams;hip hop, pop;A;2003
Fuck It (I Don't Want You Back);Eamon;set();C;2004
Full Moon;Brandy;hip hop, pop, R&B;Bb;2002
GDFR (feat. Sage the Gemini & Lookas);Flo Rida;hip hop, pop;F;2015
GUMMO;6ix9ine;hip hop;D;2018
Galvanize;The Chemical Brothers;Dance/Electronic;G;2005
Gangnam Style (강남스타일);PSY;pop;B;2012
Gangsta Lovin';Eve;hip hop, pop, R&B;C#;2002
Gasolina;Daddy Yankee;latin;C;2004
Gecko (Overdrive) - Radio Edit;Oliver Heldens;pop, Dance/Electronic;C;2014
German;EO;set();Ab;2018
Geronimo;Sheppard;pop, rock, Dance/Electronic;G;2014
Get Back;Ludacris;hip hop, pop;C#;2004
Get Busy;Sean Paul;hip hop, pop;Bb;2002
Get It On Tonite;Montell Jordan;hip hop, pop, R&B;Bb;1999
Get It Poppin' (feat. Nelly) - Radio Version;Fat Joe;hip hop, pop;C#;2005
Get It Shawty;Lloyd;hip hop, pop, R&B;F;2007
Get Low;Lil Jon & The East Side Boyz;hip hop, pop;C#;2002
Get Lucky (feat. Pharrell Williams & Nile Rodgers) - Radio Edit;Daft Punk;hip hop, Dance/Electronic;F#;2013
Get Right;Jennifer Lopez;hip hop, pop, R&B;C;2005
Get Up (Rattle) - Vocal Edit;Bingo Players;pop, Dance/Electronic;G;2013
Get Up (feat. Chamillionaire);Ciara;pop, R&B;C#;2006
Get Ur Freak On;Missy Elliott;hip hop, pop, R&B;C;2001
Get the Party Started;P!nk;pop;B;2001
Gettin' Over You (feat. Fergie & LMFAO);David Guetta;hip hop, pop, Dance/Electronic;Bb;2010
Ghetto Gospel;2Pac;hip hop;F;2004
Ghost;Ella Henderson;pop, Dance/Electronic;A;2014
Ghost Town;Adam Lambert;pop;E;2015
Giant (with Rag'n'Bone Man);Calvin Harris;hip hop, pop, Dance/Electronic;C#;2019
Gimme More;Britney Spears;pop;D;2007
Gimme That;Chris Brown;hip hop, pop, R&B;B;2005
Gimme the Light;Sean Paul;hip hop, pop;D;2002
Girl;Destiny's Child;pop, R&B;F#;2004
Girlfriend;Avril Lavigne;pop;G;2007
Girlfriend;*NSYNC;pop;C;2001
Girls Like (feat. Zara Larsson);Tinie Tempah;hip hop, pop, Dance/Electronic;C;2016
Girls Like You (feat. Cardi B) - Cardi B Version;Maroon 5;pop;C;2018
Give It 2 Me;Madonna;pop;Ab;2008
Give It To Me;Timbaland;hip hop, pop, R&B;Ab;2007
Give Me Everything (feat. Ne-Yo, Afrojack & Nayer);Pitbull;hip hop, pop, latin;Ab;2011
Give Your Heart a Break;Demi Lovato;pop;F#;2011
Glad You Came;The Wanted;pop, Dance/Electronic;G;2011
Glamorous;Fergie;pop, R&B;C;2006
Glorious (feat. Skylar Grey);Macklemore;hip hop, pop;C;2017
Go Let It Out;Oasis;Folk/Acoustic, rock;D;2000
God is a woman;Ariana Grande;pop;C#;2018
God's Plan;Drake;hip hop, pop, R&B;G;2018
Going Bad (feat. Drake);Meek Mill;hip hop, pop;E;2018
Gold;Kiiara;rock, pop, Dance/Electronic;Ab;2015
Gold Digger;Kanye West;hip hop;C#;2005
Gold Dust - Radio Edit;DJ Fresh;pop, Dance/Electronic;C;2010
Golden Skans;Klaxons;rock;D;2007
Gone;*NSYNC;pop;B;2001
Good Feeling;Flo Rida;hip hop, pop;C#;2012
Good For You;Selena Gomez;pop;F;2015
Good Girls Go Bad (feat. Leighton Meester);Cobra Starship;pop, Dance/Electronic;C;2009
Good Grief;Bastille;pop, rock;C#;2016
Good Life;Kanye West;hip hop;C#;2007
Good Life;OneRepublic;pop;F#;2009
Good Life (with G-Eazy & Kehlani);G-Eazy;hip hop, pop;C#;2017
Good Luck;Basement Jaxx;pop, Dance/Electronic;F;2003
Good Time;Owl City;rock, pop;Eb;2012
Goodbye My Lover;James Blunt;pop;E;2005
Goodbyes (Feat. Young Thug);Post Malone;hip hop;F;2019
Goodies (feat. Petey Pablo);Ciara;pop, R&B;F;2004
Gossip Folks (feat. Ludacris);Missy Elliott;hip hop, pop, R&B;C;2002
Got Money;Lil Wayne;hip hop, pop;G;2008
Gotta Be Somebody;Nickelback;rock, metal;C;2008
Gotta Get Thru This - D'N'D Radio Edit;Daniel Bedingfield;pop;G;2002
Gotta Get Thru This - D'N'D Radio Edit;Daniel Bedingfield;pop;G;2002
Gotta Tell You;Samantha Mumba;pop;C;2018
Grace Kelly;MIKA;pop;C;2006
Green Light (feat. André 3000);John Legend;pop, R&B;A;2008
Grenade;Bruno Mars;pop;D;2010
Grillz;Nelly;hip hop, pop, R&B;E;2005
Grind With Me;Pretty Ricky;hip hop, pop, R&B;C#;2005
Gucci Gang;Lil Pump;hip hop;F;2017
HUMBLE.;Kendrick Lamar;hip hop;C#;2017
Habits (Stay High);Tove Lo;pop, Dance/Electronic;F;2014
Halfcrazy;Musiq Soulchild;pop, R&B;B;2002
Hall of Fame (feat. will.i.am);The Script;pop, rock;Bb;2012
Hallelujah;Alexandra Burke;pop;D;2009
Halo;Beyoncé;pop, R&B;B;2008
HandClap;Fitz and The Tantrums;pop, rock;Ab;2016
Hands Clean;Alanis Morissette;pop, Folk/Acoustic;G;2002
Hands on the Wheel (feat. Asap Rocky);ScHoolboy Q;hip hop, pop;C#;2012
Hanging By A Moment;Lifehouse;pop, rock, metal;C#;2000
Happier;Marshmello;pop, Dance/Electronic;F;2018
Happy;Ashanti;hip hop, pop, R&B;D;2002
Happy - From "Despicable Me 2";Pharrell Williams;hip hop, pop;F;2014
Hard;Rihanna;hip hop, pop, R&B;C#;2009
Harlem Shake;Baauer;Dance/Electronic;C;2013
Hate It Or Love It;The Game;hip hop, pop;A;2005
Havana (feat. Young Thug);Camila Cabello;pop;G;2017
Have You Ever;S Club 7;pop;C;2001
He Can't Love U;Jagged Edge;hip hop, pop, R&B;Ab;2000
He Wasn't Man Enough;Toni Braxton;pop, R&B;B;2000
Headlines;Drake;hip hop, pop, R&B;F#;2011
Headsprung;LL Cool J;hip hop, pop, R&B;C;2004
Headstrong;Trapt;rock, metal;E;2002
Hear Me Now;Alok;pop, Dance/Electronic;B;2016
Heard It All Before;Sunshine Anderson;pop, R&B;Eb;2001
Heart Attack;Demi Lovato;pop;Ab;2013
Heart Skips a Beat (feat. Rizzle Kicks);Olly Murs;pop, Dance/Electronic;A;2011
Heartbreaker;will.i.am;hip hop, pop;A;2007
Heartbroken - Edit;T2;Dance/Electronic;B;2017
Heartless;Kanye West;hip hop;Bb;2008
Heathens;Twenty One Pilots;rock;E;2016
Heaven;DJ Sammy;pop;Ab;2002
Heaven Is a Halfpipe (If I Die);OPM;rock;Ab;2000
Hella Good;No Doubt;rock, pop;Ab;2001
Hello;Adele;pop, R&B;F;2015
Hemorrhage (In My Hands);Fuel;rock, pop, metal;C#;2000
Here;Alessia Cara;pop, R&B;C;2016
Here;Alessia Cara;pop, R&B;C;2015
Here Is Gone;The Goo Goo Dolls;pop, rock;C#;2002
Here Without You;3 Doors Down;pop, rock, metal;Bb;2002
Here's to Never Growing Up;Avril Lavigne;pop;C;2013
Hero (feat. Josey Scott);Chad Kroeger;metal;E;2003
Heroes (we could be);Alesso;pop, Dance/Electronic;F;2014
Hey Baby;No Doubt;rock, pop;B;2001
Hey Baby (Drop It to the Floor) (feat. T-Pain);Pitbull;hip hop, pop, latin;Bb;2011
Hey Baby (Radio Mix);DJ Ötzi;pop, easy listening, Dance/Electronic;Bb;2010
Hey Brother;Avicii;pop, Dance/Electronic;G;2013
Hey Daddy (Daddy's Home);Usher;hip hop, pop, R&B;B;2010
Hey Mama;Black Eyed Peas;hip hop, pop;E;2003
Hey Mama (feat. Nicki Minaj, Bebe Rexha & Afrojack);David Guetta;hip hop, pop, Dance/Electronic;A;2014
Hey Porsche;Nelly;hip hop, pop, R&B;A;2013
Hey There Delilah;Plain White T's;pop;D;2005
Hey Ya!;Outkast;hip hop, pop;E;2003
Hideaway;Kiesza;pop, Dance/Electronic;G;2014
High (feat. Nicole Millar);Peking Duk;Dance/Electronic;C;2014
High By The Beach;Lana Del Rey;pop;B;2015
High Hopes;Panic! At The Disco;rock;F;2018
Higher;The Saturdays;pop, Dance/Electronic;Bb;2010
Higher;Taio Cruz;hip hop, pop;Ab;2010
Higher;Creed;pop, rock, metal;D;1999
Him & I;G-Eazy;hip hop, pop;D;2017
Him & I (with Halsey);G-Eazy;hip hop, pop;D;2017
Hips Don't Lie (feat. Wyclef Jean);Shakira;pop, latin;Bb;2005
Hit 'Em Up Style (Oops!);Blu Cantrell;pop, R&B;F;2001
Hold On;Chord Overstreet;pop, Folk/Acoustic;D;2017
Hold On, We're Going Home;Drake;hip hop, pop, R&B;F#;2013
Hole In The Head;Sugababes;pop, R&B;F#;2003
Holidae In;Chingy;hip hop, pop, R&B;G;2003
Holiday;Dizzee Rascal;hip hop, pop, Dance/Electronic;C;2011
Hollaback Girl;Gwen Stefani;pop, R&B;Bb;2004
Holy Grail;JAY-Z;hip hop;D;2013
Home (with Machine Gun Kelly, X Ambassadors & Bebe Rexha);Machine Gun Kelly;hip hop, pop;Eb;2017
Homecoming;Kanye West;hip hop;C#;2007
Homemade Dynamite - REMIX;Lorde;pop, Dance/Electronic;C;2017
Honey Bee;Blake Shelton;country;E;2011
Hot - Play & Win Radio Version;INNA;pop;G;2010
Hot Boyz;Missy Elliott;hip hop, pop, R&B;C#;1998
Hot Girl Summer (feat. Nicki Minaj & Ty Dolla $ign);Megan Thee Stallion;hip hop, pop, R&B;C;2019
Hot In Herre;Nelly;hip hop, pop, R&B;B;2002
Hot N Cold;Katy Perry;pop;G;2008
Hot N*gga;Bobby Shmurda;hip hop, pop;A;2014
Hot Right Now (feat. RITA ORA) - Radio Edit;DJ Fresh;pop, Dance/Electronic;E;2012
Hotel Room Service;Pitbull;hip hop, pop, latin;F#;2009
Hotline Bling;Drake;hip hop, pop, R&B;D;2016
Hotline Bling;Drake;hip hop, pop, R&B;D;2016
Hotter Than Hell;Dua Lipa;pop;Eb;2017
How Come;D12;hip hop, pop, rock;A;2004
How Deep Is Your Love;Calvin Harris;hip hop, pop, Dance/Electronic;B;2015
How Do You Sleep?;Sam Smith;pop;C#;2019
How Long;Charlie Puth;pop;C#;2018
How Low;Ludacris;hip hop, pop;C#;2010
How To Love;Lil Wayne;hip hop, pop;B;2011
How We Do;The Game;hip hop, pop;E;2005
How We Do (Party);Rita Ora;hip hop, pop, Dance/Electronic;G;2012
How You Gonna Act Like That;Tyrese;hip hop, pop, R&B;Eb;2002
How You Remind Me;Nickelback;rock, metal;Bb;2001
How to Be a Heartbreaker;MARINA;pop, Dance/Electronic;B;2012
How to Save a Life;The Fray;pop;Bb;2005
Human;Rag'n'Bone Man;R&B;A;2017
Hung Up;Madonna;pop;A;2005
Hurts So Good;Astrid S;rock, pop, Dance/Electronic;G;2016
Hymn for the Weekend;Coldplay;rock, pop;C;2015
Hypnotized (feat. Akon);Plies;hip hop, pop, R&B;Bb;2007
I Believe in You;Kylie Minogue;pop, Dance/Electronic;G;2004
I Bet You Look Good On The Dancefloor;Arctic Monkeys;rock;F#;2006
I Can;Nas;hip hop;F#;2002
I Could Be The One (Avicii Vs. Nicky Romero) - Radio Edit;Avicii;pop, Dance/Electronic;F#;2012
I Cry;Flo Rida;hip hop, pop;E;2012
I Don't Feel Like Dancin';Scissor Sisters;pop, rock, Dance/Electronic;G;2006
I Don't Fuck With You;Big Sean;hip hop, pop;C#;2015
I Don't Like It, I Love It (feat. Robin Thicke & Verdine White);Flo Rida;hip hop, pop;A;2015
I Don't Wanna Know (feat. Enya & P. Diddy) - 2016 Remaster;Mario Winans;pop;B;2016
I Don’t Wanna Live Forever (Fifty Shades Darker) - From "Fifty Shades Darker (Original Motion Picture Soundtrack)";ZAYN;pop, Dance/Electronic;C;2016
I Feel It Coming;The Weeknd;pop, R&B;C;2016
I Follow Rivers - The Magician Remix;Lykke Li;pop, Dance/Electronic;A;2011
I Got U;Duke Dumont;pop, Dance/Electronic;A;2014
I Gotta Feeling;Black Eyed Peas;hip hop, pop;C;2009
I Hate Everything About You;Three Days Grace;rock, metal;F#;2003
I Hate This Part;The Pussycat Dolls;pop, R&B;F;2008
I Hate This Part;The Pussycat Dolls;pop, R&B;F;2008
I Just Wanna Love U (Give It 2 Me);JAY-Z;hip hop;E;2000
I Kissed A Girl;Katy Perry;pop;F;2008
I Knew You Were Trouble.;Taylor Swift;pop;Eb;2012
I Knew You Were Trouble.;Taylor Swift;pop;Eb;2012
I Know What You Did Last Summer;Shawn Mendes;pop;A;2015
I Know What You Want (feat. Flipmode Squad);Busta Rhymes;hip hop, pop;F#;2002
I Know What You Want (feat. Flipmode Squad);Busta Rhymes;hip hop, pop;F#;2002
I Know You Want Me (Calle Ocho);Pitbull;hip hop, pop, latin;D;2009
I Like It;Enrique Iglesias;pop, latin;Bb;2010
I Like It;Sammie;hip hop, pop, R&B;A;2000
I Like It;Cardi B;hip hop, pop;F;2018
I Like Me Better;Lauv;pop, Dance/Electronic;A;2018
I Like That;Houston;hip hop, pop;Bb;2004
I Like The Way - Radio Edit;Bodyrockers;rock, Dance/Electronic;F#;2005
I Love College;Asher Roth;hip hop, pop;Ab;2009
I Love It;Icona Pop;pop, Dance/Electronic;C#;2012
I Love It (feat. Charli XCX);Icona Pop;pop, Dance/Electronic;Ab;2013
I Love You;Faith Evans;hip hop, pop, R&B;B;2001
I Luv Your Girl;The-Dream;hip hop, pop, R&B;Ab;2007
I Need A Doctor;Dr. Dre;hip hop;Eb;2011
I Need A Dollar;Aloe Blacc;R&B;F#;2010
I Need You;LeAnn Rimes;pop, country;G;2001
I Need Your Love (feat. Ellie Goulding);Calvin Harris;hip hop, pop, Dance/Electronic;Ab;2012
I Need a Girl (Pt. 1) [feat. Usher & Loon];Diddy;hip hop, pop;F#;2005
I Need a Girl (Pt. 2) [feat. Loon, Ginuwine & Mario Winans];Diddy;hip hop, pop;C#;2004
I Predict A Riot;Kaiser Chiefs;rock;Ab;2005
I See Fire - From "The Hobbit - The Desolation Of Smaug";Ed Sheeran;pop;Bb;2013
I Took A Pill In Ibiza - Seeb Remix;Mike Posner;hip hop, pop, Dance/Electronic;G;2016
I Tried;Bone Thugs-N-Harmony;hip hop, pop;E;2007
I Turn To You;Melanie C;pop, Dance/Electronic;C#;1999
I Turn to You;Christina Aguilera;pop;C#;1999
I Wanna Go;Britney Spears;pop;F;2011
I Wanna Know;Joe;pop, R&B;Ab;2000
I Wanna Love You;Akon;pop;C;2006
I Want You To Know;Zedd;hip hop, pop, Dance/Electronic;A;2015
I Will Never Let You Down;Rita Ora;hip hop, pop, Dance/Electronic;E;2014
I Wish;Carl Thomas;pop, R&B;C#;2000
I Wish I Was a Punk Rocker (with Flowers in My Hair);Sandi Thom;World/Traditional, pop;E;2006
I Won't Let You Go;James Morrison;pop, R&B;C;2011
I Would Like;Zara Larsson;pop, Dance/Electronic;D;2017
I Write Sins Not Tragedies;Panic! At The Disco;rock;A;2005
I'm Gonna Be Alright (feat. Nas);Jennifer Lopez;hip hop, pop, R&B;Bb;2002
I'm In Control;AlunaGeorge;pop, Dance/Electronic;B;2016
I'm Like A Bird;Nelly Furtado;hip hop, pop, latin;Bb;2000
I'm N Luv (Wit a Stripper) (feat. Mike Jones);T-Pain;hip hop, pop, R&B;Ab;2005
I'm Not Alone - Radio Edit;Calvin Harris;hip hop, pop, Dance/Electronic;G;2009
I'm Not a Girl, Not Yet a Woman;Britney Spears;pop;Eb;2001
I'm On One;DJ Khaled;hip hop, pop;B;2011
I'm Outta Love - Radio Edit;Anastacia;pop;Bb;1999
I'm Real (feat. Ja Rule) - Murder Remix;Jennifer Lopez;hip hop, pop, R&B;B;2001
I'm Sprung;T-Pain;hip hop, pop, R&B;C;2005
I'm Still in Love with You (feat. Sasha);Sean Paul;hip hop, pop;G;2002
I'm Upset;Drake;hip hop, pop, R&B;B;2018
I'm a Slave 4 U;Britney Spears;pop;F;2001
I'm a Thug;Trick Daddy;hip hop, pop;B;2001
I'm with You;Avril Lavigne;pop;A;2002
IDGAF;Dua Lipa;pop;G;2017
Ice Box;Omarion;hip hop, pop, R&B;Ab;2006
If I Could Go! (feat. Lil' Mo & Sacario);Angie Martinez;pop;A;2019
If I Die Young;The Band Perry;country;E;2010
If I Die Young;The Band Perry;country;E;2010
If I Were a Boy;Beyoncé;pop, R&B;F#;2008
If There's Any Justice;Lemar;R&B;F#;2004
If Today Was Your Last Day;Nickelback;rock, metal;Eb;2008
If Tomorrow Never Comes;Ronan Keating;pop, rock;Bb;2002
If U Seek Amy;Britney Spears;pop;E;2008
If We Ever Meet Again (Featuring Katy Perry);Timbaland;hip hop, pop, R&B;Ab;2009
If You Come Back;Blue;pop;Bb;2001
If You're Not The One;Daniel Bedingfield;pop;Bb;2002
If You're Not The One;Daniel Bedingfield;pop;Bb;2002
Imma Be;Black Eyed Peas;hip hop, pop;C;2009
Impossible;Shontelle;pop, R&B;Ab;2010
Impossible;James Arthur;pop;C;2013
In Da Club;50 Cent;hip hop, pop;F#;2003
In For The Kill;La Roux;pop, Dance/Electronic;Ab;2009
In Love With a Girl;Gavin DeGraw;pop, Folk/Acoustic;Eb;2008
In My Feelings;Drake;hip hop, pop, R&B;C#;2018
In My Head;Jason Derulo;hip hop, pop;C;2010
In My Mind;Dynoro;pop, Dance/Electronic;F#;2018
In My Place;Coldplay;rock, pop;A;2002
In The Dark;DEV;pop, Dance/Electronic;Ab;2012
In The Morning;Razorlight;rock, pop;E;2006
In The Night;The Weeknd;pop, R&B;G;2015
In Those Jeans;Ginuwine;hip hop, pop, R&B;C#;2003
In Your Eyes;Kylie Minogue;pop, Dance/Electronic;F#;2001
In the End;Linkin Park;rock, metal;Eb;2000
In the End;Linkin Park;rock, metal;Eb;2000
In the Name of Love;Martin Garrix;pop, Dance/Electronic;E;2016
In the Shadows;The Rasmus;metal;D;2003
Incomplete;Sisqo;hip hop, pop, R&B;C#;1999
Incomplete;Backstreet Boys;pop;E;2005
Independent Women, Pt. 1;Destiny's Child;pop, R&B;F#;2001
Independent Women, Pt. 1;Destiny's Child;pop, R&B;F#;2001
Infinity 2008;Guru Josh Project;hip hop;G;2011
International Love (feat. Chris Brown);Pitbull;hip hop, pop, latin;C;2011
Into You;Ariana Grande;pop;A;2016
Into You (feat. Tamia);Fabolous;hip hop, pop, R&B;G;2003
Into the Night (feat. Chad Kroeger);Santana;rock, blues, latin;G;2007
Intoxicated - New Radio Mix;Martin Solveig;pop, Dance/Electronic;C;2015
Intro;The xx;rock;A;2009
Irreplaceable;Beyoncé;pop, R&B;G;2007
Irresistible;Jessica Simpson;pop, R&B;Ab;2001
Is It Any Wonder?;Keane;pop;B;2006
It Ain't Me (with Selena Gomez);Kygo;pop, Dance/Electronic;C;2017
It Feels So Good;Sonique;pop;F;2000
It Girl;Jason Derulo;hip hop, pop;C#;2011
It Wasn't Me;Shaggy;hip hop, pop;C;2000
It Will Rain;Bruno Mars;pop;D;2011
It's A Vibe;2 Chainz;hip hop, pop;G;2017
It's Been Awhile;Staind;rock, metal;F#;2001
It's Goin' Down (feat. Nitti);Yung Joc;hip hop, pop;C#;2006
It's Gonna Be Me;*NSYNC;pop;C;2000
It's Like That;Mariah Carey;pop, R&B;Ab;2005
It's My Life;No Doubt;rock, pop;Ab;2003
It's My Life;Bon Jovi;rock, metal;C;2000
It's My Life;No Doubt;rock, pop;Ab;2003
It's Not My Time;3 Doors Down;pop, rock, metal;C;2008
It's Not Over;Daughtry;pop, rock, metal;Bb;2016
It's Over Now;112;hip hop, pop, R&B;C#;2001
It's Raining Men;Geri Halliwell;pop;F;2001
It's the Way You Make Me Feel;Steps;pop, Dance/Electronic;Ab;2000
Izzo (H.O.V.A.);JAY-Z;hip hop;C#;2001
Jackie Chan;Tiësto;pop, Dance/Electronic;Eb;2018
Jai Ho! (You Are My Destiny);A.R. Rahman;set();Ab;2009
Jar of Hearts;Christina Perri;pop;Eb;2011
Jealous - Remix;Nick Jonas;pop;B;2014
Jenny from the Block (feat. Jadakiss & Styles P.) - Track Masters Remix;Jennifer Lopez;hip hop, pop, R&B;F#;2002
Jesus Walks;Kanye West;hip hop;Eb;2004
Jocelyn Flores;XXXTENTACION;hip hop;C;2017
Jubel - Radio Edit;Klingande;pop, Dance/Electronic;C;2013
Juicy;Doja Cat;pop;C;2019
Juju on That Beat (TZ Anthem);Zay Hilfigerrr;set();C#;2016
Jumanji;B Young;hip hop, Dance/Electronic;Bb;2018
Jump;Girls Aloud;pop, Dance/Electronic;Ab;2003
Jumpin', Jumpin';Destiny's Child;pop, R&B;C#;1999
Jumpman;Drake;hip hop, pop, R&B;C#;2015
Jumpman;Drake;hip hop, pop, R&B;C#;2015
Just A Dream;Nelly;hip hop, pop, R&B;C#;2010
Just A Kiss;Lady A;pop, country;C#;2011
Just A Lil Bit;50 Cent;hip hop, pop;C#;2005
Just A Little;Liberty X;pop;F;2019
Just Can’t Get Enough;Black Eyed Peas;hip hop, pop;C;2010
Just Dance;Lady Gaga;pop;C#;2008
Just Fine;Mary J. Blige;pop, R&B;B;2007
Just Hold On;Steve Aoki;hip hop, pop, Dance/Electronic;B;2016
Just Like Fire (From the Original Motion Picture "Alice Through The Looking Glass");P!nk;pop;G;2016
Just Lose It;Eminem;hip hop;Ab;2004
Just the Way You Are;Bruno Mars;pop;F;2010
Karma;Alicia Keys;pop, R&B;Bb;2003
Keisha & Becky - Remix;Russ Millions;pop;F#;2019
Kickstarts;Example;pop, Dance/Electronic;F;2010
Kids;MGMT;rock;A;2007
Kill Em With Kindness;Selena Gomez;pop;Bb;2015
Kill This Love;BLACKPINK;pop;D;2019
King;Years & Years;pop, Dance/Electronic;E;2015
King's Dead (with Kendrick Lamar, Future & James Blake);Jay Rock;hip hop, pop;C#;2018
Kiss Kiss;Holly Valance;pop, Dance/Electronic;E;2002
Kiss Kiss (feat. T-Pain);Chris Brown;hip hop, pop, R&B;Bb;2007
Kiss Kiss (feat. T-Pain);Chris Brown;hip hop, pop, R&B;Bb;2007
Kiss Me Thru The Phone;Soulja Boy;hip hop, pop;G;2008
Knock You Down;Keri Hilson;pop, R&B;Ab;2009
Kryptonite;3 Doors Down;pop, rock, metal;B;2000
L'Amour Toujours;Gigi D'Agostino;pop;G;2011
LOVE. FEAT. ZACARI.;Kendrick Lamar;hip hop;Bb;2017
LUV;Tory Lanez;hip hop, pop, R&B;B;2016
La Camisa Negra;Juanes;pop, latin;F#;2004
La La La;Naughty Boy;Dance/Electronic;F#;2013
La Tortura (feat. Alejandro Sanz);Shakira;pop, latin;C;2005
Ladbroke Grove;AJ Tracey;hip hop, Dance/Electronic;B;2019
Lady - Hear Me Tonight;Modjo;Dance/Electronic;F#;2001
Lady Marmalade - From "Moulin Rouge" Soundtrack;Christina Aguilera;pop;F;2001
Laffy Taffy;D4L;hip hop, pop;G;2005
Laffy Taffy;D4L;hip hop, pop;G;2005
Last Friday Night (T.G.I.F.);Katy Perry;pop;Eb;2012
Last Night;Keyshia Cole;hip hop, pop, R&B;Eb;2007
Latch;Disclosure;pop, Dance/Electronic;C#;2013
Latch;Disclosure;pop, Dance/Electronic;C#;2013
Lean Back;Terror Squad;hip hop;C#;2004
Lean On (feat. MØ & DJ Snake);Major Lazer;hip hop, pop, Dance/Electronic;G;2015
Lean Wit It, Rock Wit It;Dem Franchize Boyz;hip hop, pop;F;2006
Leave (Get Out) - Radio Edit;JoJo;hip hop, pop, R&B;F;2005
Leave Me Alone;Flipp Dinero;hip hop, pop;G;2019
Leave Right Now;Will Young;pop;F#;2003
Leave Right Now;Will Young;pop;F#;2003
Leave a Light On;Tom Walker;rock, pop;F;2017
Left Outside Alone;Anastacia;pop;D;2004
Let Her Go;Passenger;pop;G;2012
Let It All Go;Birdy;pop;Bb;2015
Let It Go;Keyshia Cole;hip hop, pop, R&B;C#;2007
Let It Rock;Kevin Rudolf;hip hop, pop;G;2008
Let Me Blow Ya Mind;Eve;hip hop, pop, R&B;Ab;2001
Let Me Down Slowly;Alec Benjamin;rock, pop, Dance/Electronic;C#;2018
Let Me Go;3 Doors Down;pop, rock, metal;C#;2012
Let Me Hold You (feat. Omarion);Bow Wow;hip hop, pop, R&B;F#;2005
Let Me Love You;DJ Snake;hip hop, pop, Dance/Electronic;Ab;2016
Let Me Love You;Mario;pop, R&B;G;2004
Let Me Love You (Until You Learn To Love Yourself);Ne-Yo;pop, R&B;F;2012
Let Me Think About It;Ida Corr;set();C;2012
Let You Down;NF;hip hop, pop;F;2017
Let's Dance - Radio Edit;Five;pop;E;2001
Let's Fall in Love for the Night;FINNEAS;rock, pop, Dance/Electronic;F;2018
Let's Get It Started - Spike Mix;Black Eyed Peas;hip hop, pop;B;2004
Let's Go (feat. Ne-Yo);Calvin Harris;hip hop, pop, Dance/Electronic;E;2012
Levels - Radio Edit;Avicii;pop, Dance/Electronic;C#;2011
Liar;Camila Cabello;pop;B;2019
Life Is A Rollercoaster;Ronan Keating;pop, rock;C;2000
Life is a Highway;Rascal Flatts;country;F;2006
Lifestyles of the Rich & Famous;Good Charlotte;rock, metal;C#;2002
Light It Up (feat. Nyla & Fuse ODG) - Remix;Major Lazer;hip hop, pop, Dance/Electronic;A;2015
Lighters;Bad Meets Evil;hip hop, pop;C;2011
Lights - Single Version;Ellie Goulding;pop, rock, Dance/Electronic;Ab;2010
Like A G6;Far East Movement;hip hop, pop;Eb;2010
Like Glue;Sean Paul;hip hop, pop;C#;2002
Like I Can;Sam Smith;pop;G;2014
Like I Love You;Justin Timberlake;pop;F#;2002
Like Toy Soldiers;Eminem;hip hop;Ab;2004
Like Toy Soldiers;Eminem;hip hop;Ab;2004
Like You (feat. Ciara);Bow Wow;hip hop, pop, R&B;F#;2005
Like a Boy;Ciara;pop, R&B;C;2006
Like a Stone;Audioslave;rock, metal;G;2002
Lips Are Movin;Meghan Trainor;pop;G;2015
Lips Of An Angel;Hinder;pop, rock, metal;D;2019
Little Dark Age;MGMT;rock;F#;2018
Little Do You Know;Alex & Sierra;pop;C;2014
Little L;Jamiroquai;pop;Bb;2001
Little Lion Man;Mumford & Sons;Folk/Acoustic, rock, pop;F;2009
Little Talks;Of Monsters and Men;pop, rock, Folk/Acoustic;C#;2012
Live Like We're Dying;Kris Allen;pop;C;2009
Live While We're Young;One Direction;pop;D;2012
Live Your Life;T.I.;hip hop, pop;B;2008
Live Your Life;T.I.;hip hop, pop;B;2008
Livin' It Up;Ja Rule;hip hop, pop, R&B;F#;2001
Loca People - Radio Edit;Sak Noel;Dance/Electronic;B;2011
Location (feat. Burna Boy);Dave;hip hop;A;2019
Locked Away (feat. Adam Levine);R. City;pop;C#;2015
Locked Up;Akon;pop;G;2004
Locked out of Heaven;Bruno Mars;pop;F;2012
Locked out of Heaven;Bruno Mars;pop;F;2012
Lola's Theme - Radio Edit;The Shapeshifters;Dance/Electronic;F;2004
Lollipop;Lil Wayne;hip hop, pop;C;2008
London Bridge;Fergie;pop, R&B;C#;2006
Lonely;Akon;pop;F;2004
Lonely No More;Rob Thomas;pop, Folk/Acoustic;A;2005
Lonely Together (feat. Rita Ora);Avicii;pop, Dance/Electronic;F;2017
Look Alive (feat. Drake);BlocBoy JB;hip hop, pop;Bb;2018
Look At Me Now (feat. Lil' Wayne & Busta Rhymes);Chris Brown;hip hop, pop, R&B;B;2011
Look Back at It;A Boogie Wit da Hoodie;hip hop;Eb;2018
Look Right Through - MK Vocal Edit;Storm Queen;Dance/Electronic;C;2014
Look What You Made Me Do;Taylor Swift;pop;A;2017
Lose Control (feat. Ciara & Fat Man Scoop);Missy Elliott;hip hop, pop, R&B;E;2005
Lose My Breath;Destiny's Child;pop, R&B;C#;2004
Lose Yourself - From "8 Mile" Soundtrack;Eminem;hip hop;D;2004
Lose Yourself to Dance (feat. Pharrell Williams);Daft Punk;hip hop, Dance/Electronic;Bb;2013
Lost;Frank Ocean;hip hop, pop, R&B;Ab;2012
Lost Without You;Delta Goodrem;pop;G;2003
Lost in the Fire (feat. The Weeknd);Gesaffelstein;Dance/Electronic;D;2019
Louder (feat. Sian Evans) - Radio Edit;DJ Fresh;pop, Dance/Electronic;F#;2012
Love;Keyshia Cole;hip hop, pop, R&B;F;2005
Love;Musiq Soulchild;pop, R&B;C#;2000
Love Don't Cost a Thing;Jennifer Lopez;hip hop, pop, R&B;E;2001
Love Drunk;Boys Like Girls;pop;Bb;2009
Love Generation - Radio Edit;Bob Sinclar;pop, Dance/Electronic;C#;2005
Love Lies (with Normani);Khalid;pop, R&B;F#;2018
Love Lockdown;Kanye West;hip hop;C#;2008
Love Lockdown;Kanye West;hip hop;C#;2008
Love Machine;Girls Aloud;pop, Dance/Electronic;G;2004
Love Me;Lil Wayne;hip hop, pop;B;2013
Love Me Again;John Newman;set();D;2013
Love Me Harder;Ariana Grande;pop;C#;2014
Love Me Harder;Ariana Grande;pop;C#;2014
Love Me Like You Do - From "Fifty Shades Of Grey";Ellie Goulding;pop, rock, Dance/Electronic;Ab;2015
Love Runs Out;OneRepublic;pop;G;2014
Love Sex Magic (feat. Justin Timberlake);Ciara;pop, R&B;Bb;2009
Love Story;Taylor Swift;pop;D;2008
Love The Way You Lie;Eminem;hip hop;Bb;2010
Love Today;MIKA;pop;E;2006
Love You Like A Love Song;Selena Gomez & The Scene;pop, Dance/Electronic;C#;2011
Love Yourself;Justin Bieber;pop;E;2015
Love at First Sight;Kylie Minogue;pop, Dance/Electronic;Eb;2001
Love in This Club (feat. Young Jeezy);Usher;hip hop, pop, R&B;C;2008
LoveGame;Lady Gaga;pop;F#;2008
LoveStoned / I Think She Knows (Interlude);Justin Timberlake;pop;C#;2006
Loverboy;Mariah Carey;pop, R&B;C#;2001
Lovers And Friends;Lil Jon & The East Side Boyz;hip hop, pop;Bb;2004
Lovers on the Sun (feat. Sam Martin);David Guetta;hip hop, pop, Dance/Electronic;F#;2014
Lovin' Each Day;Ronan Keating;pop, rock;C#;2000
Low (feat. T-Pain);Flo Rida;hip hop, pop;Bb;2008
Low Life (feat. The Weeknd);Future;hip hop, pop;Ab;2016
Loyal (feat. Lil Wayne & Tyga);Chris Brown;hip hop, pop, R&B;Bb;2014
Lucid Dreams;Juice WRLD;hip hop;F#;2018
Lucky;Britney Spears;pop;Ab;2000
Lush Life;Zara Larsson;pop, Dance/Electronic;G;2015
Lust for Life (with The Weeknd);Lana Del Rey;pop;C;2017
Luv U Better;LL Cool J;hip hop, pop, R&B;F#;2002
MIA (feat. Drake);Bad Bunny;latin;F#;2018
MIDDLE CHILD;J. Cole;hip hop;Ab;2019
Mad;Ne-Yo;pop, R&B;C;2008
Mad Love;Mabel;pop, Dance/Electronic;C;2019
Mad World (Feat. Michael Andrews);Gary Jules;pop;Eb;2001
Magic (feat. Rivers Cuomo);B.o.B;hip hop, pop;Ab;2010
Magic Stick;Lil' Kim;hip hop, pop, R&B;D;2019
Magnolia;Playboi Carti;hip hop;B;2017
Make It Rain;Fat Joe;hip hop, pop;B;2006
Make Luv;Room 5;Dance/Electronic;C#;2003
Make Me Better;Fabolous;hip hop, pop, R&B;B;2007
Makes Me Wonder;Maroon 5;pop;G;2007
Mama;Jonas Blue;pop, Dance/Electronic;B;2017
Mama Do (Uh Oh, Uh Oh);Pixie Lott;pop, Dance/Electronic;Eb;2009
Man Down;Rihanna;hip hop, pop, R&B;C;2010
Man Of The Year;ScHoolboy Q;hip hop, pop;Eb;2014
Man's Not Hot;Big Shaq;pop, Dance/Electronic;C;2017
Mandy;Westlife;pop;F;2003
Maneater;Nelly Furtado;hip hop, pop, latin;F#;2006
Maps;Maroon 5;pop;C#;2014
Maria Maria (feat. The Product G&B);Santana;rock, blues, latin;D;1999
Marry You;Bruno Mars;pop;Bb;2010
Mask Off;Future;hip hop, pop;D;2017
Me & U;Cassie;pop, R&B;Ab;2006
Me Against the Music (feat. Madonna) - LP Version / Video Mix;Britney Spears;pop;F#;2003
Me And My Broken Heart;Rixton;pop;F;2014
Me Niego (feat. Ozuna & Wisin);Reik;pop, latin;C;2018
Me, Myself & I;G-Eazy;hip hop, pop;C;2015
Me, Myself and I;Beyoncé;pop, R&B;C#;2003
Meant to Live;Switchfoot;rock, pop;D;2003
Meet Me Halfway;Black Eyed Peas;hip hop, pop;B;2009
Memories (feat. Kid Cudi);David Guetta;hip hop, pop, Dance/Electronic;Ab;2010
Mercy;Kanye West;hip hop;F#;2012
Mercy;Shawn Mendes;pop;E;2017
Mercy;Duffy;pop, R&B;C;2008
Mesmerize;Ja Rule;hip hop, pop, R&B;C#;2002
Mi Gente;J Balvin;latin;B;2017
Miami 2 Ibiza - Swedish House Mafia vs. Tinie Tempah;Swedish House Mafia;pop, Dance/Electronic;G;2010
Middle;DJ Snake;hip hop, pop, Dance/Electronic;A;2016
Middle Of The Night;The Vamps;pop;B;2017
Midnight City;M83;rock, pop, metal, Dance/Electronic;B;2011
Milkshake;Kelis;pop, R&B, Dance/Electronic;C#;2003
Million Voices - Radio Edit;Otto Knows;pop, Dance/Electronic;Ab;2012
Millionaire;Kelis;pop, R&B, Dance/Electronic;B;2003
Mine;Bazzi;pop, Dance/Electronic;E;2018
Mirrors;Justin Timberlake;pop;F;2013
Misery;Maroon 5;pop;E;2010
Misery Business;Paramore;pop, rock;C#;2007
Miss Independent;Ne-Yo;pop, R&B;C#;2008
Miss Independent;Kelly Clarkson;pop, R&B;B;2003
Miss You (with Major Lazer & Tory Lanez);Cashmere Cat;pop, rock;C#;2018
Miss You - Main;Aaliyah;hip hop, pop, R&B;Bb;2002
Missing You;Case;hip hop, pop, R&B;C#;2001
Mo Bamba;Sheck Wes;hip hop;E;2018
Mockingbird;Eminem;hip hop;C;2004
Money;Cardi B;hip hop, pop;Ab;2018
Money In The Grave (Drake ft. Rick Ross);Drake;hip hop, pop, R&B;Bb;2019
Money Maker;Ludacris;hip hop, pop;C#;2006
Money On My Mind;Sam Smith;pop;D;2014
Monster;Skillet;rock, pop, metal;Ab;2009
Moonlight;XXXTENTACION;hip hop;A;2018
More - RedOne Jimmy Joker Remix;Usher;hip hop, pop, R&B;G;2010
More Than A Woman;Aaliyah;hip hop, pop, R&B;B;2002
More Than You Know;Axwell /\ Ingrosso;pop, Dance/Electronic;F;2017
Most Girls;P!nk;pop;D;2000
Motivation;Kelly Rowland;hip hop, pop, R&B;A;2011
Motivation;Normani;pop, R&B;E;2019
MotorSport;Migos;hip hop, pop;D;2018
Move Bitch;Disturbing Tha Peace;hip hop, pop;C#;2002
Move Ya Body;Nina Sky;pop, R&B;B;2004
Move Your Body - Gabry Ponte Original Radio Edit;Eiffel 65;pop;G;1999
Move Your Feet;Junior Senior;pop;A;2002
Moves Like Jagger - Studio Recording From "The Voice" Performance;Maroon 5;pop;B;2010
Mr. Saxobeat;Alexandra Stan;pop, Dance/Electronic;B;2011
Ms. Jackson;Outkast;hip hop, pop;E;2000
Ms. New Booty;Bubba Sparxxx;hip hop, pop, country;C#;2005
Mundian to Bach Ke;Panjabi MC;World/Traditional, hip hop;Ab;2003
Murder On The Dancefloor;Sophie Ellis-Bextor;pop, Dance/Electronic;C#;2002
Music;Madonna;pop;G;2000
Music (feat. Marvin Gaye);Erick Sermon;hip hop, pop;Bb;2001
My Band;D12;hip hop, pop, rock;C#;2004
My Boo;Usher;hip hop, pop, R&B;F;2004
My Chick Bad;Ludacris;hip hop, pop;C#;2010
My First Kiss (feat. Ke$ha);3OH!3;hip hop, pop, rock;C;2010
My Happy Ending;Avril Lavigne;pop;D;2004
My House;Flo Rida;hip hop, pop;G;2015
My House;Flo Rida;hip hop, pop;G;2015
My Humps;Black Eyed Peas;hip hop, pop;C#;2005
My Immortal;Evanescence;metal;A;2003
My Life;The Game;hip hop, pop;B;2008
My Life Would Suck Without You;Kelly Clarkson;pop, R&B;A;2009
My Love;Westlife;pop;C;2000
My Love (feat. Jess Glynne);Route 94;pop, Dance/Electronic;Ab;2014
My Love (feat. T.I.);Justin Timberlake;pop;B;2006
My Love (feat. T.I.);Justin Timberlake;pop;B;2006
My Love Is Like...Wo - Main Mix;Mýa;pop, R&B;E;2003
My My My - Radio Edit;Armand Van Helden;pop, Dance/Electronic;G;2006
My Neck, My Back (Lick It);Khia;pop, R&B;A;2015
My Place;Nelly;hip hop, pop, R&B;C#;2004
My Prerogative;Britney Spears;pop;Bb;2004
My Sacrifice;Creed;pop, rock, metal;D;2001
My Songs Know What You Did In The Dark (Light Em Up);Fall Out Boy;rock;A;2013
My Type;Saweetie;hip hop, pop, R&B;D;2019
My Way;Calvin Harris;hip hop, pop, Dance/Electronic;E;2016
My Way (feat. Monty);Fetty Wap;hip hop, pop;F#;2015
NO;Meghan Trainor;pop;C#;2017
NUMB;Hayden James;pop, Dance/Electronic;Bb;2019
Na Na;Trey Songz;hip hop, pop, R&B;A;2015
Na Na;Trey Songz;hip hop, pop, R&B;A;2015
Naive;The Kooks;rock;Ab;2006
Nasty Girl (feat. Diddy, Nelly, Jagged Edge & Avery Storm) - 2005 Remaster;The Notorious B.I.G.;hip hop;D;2005
Natural;Imagine Dragons;rock;D;2018
Naturally;Selena Gomez & The Scene;pop, Dance/Electronic;Bb;2009
Naughty Girl;Beyoncé;pop, R&B;F#;2003
Need U (100%) [feat. A*M*E] - Radio Edit;Duke Dumont;pop, Dance/Electronic;C;2013
Need You Now;Lady A;pop, country;E;2010
Needed Me;Rihanna;hip hop, pop, R&B;F;2016
Nessaja;Scooter;pop, Dance/Electronic;D;2013
Never Be Like You;Flume;Dance/Electronic;C;2016
Never Be The Same Again;Melanie C;pop, Dance/Electronic;Eb;1999
Never Be the Same;Camila Cabello;pop;C;2018
Never Forget You;MNEK;Dance/Electronic;B;2015
Never Forget You;Zara Larsson;pop, Dance/Electronic;B;2017
Never Leave You (Uh Oooh, Uh Oooh);Lumidee;pop, R&B;F#;2003
Never Say Never;The Fray;pop;Ab;2009
Nevermind;Dennis Lloyd;pop;F;2017
New Divide;Linkin Park;rock, metal;F;2009
New Flame (feat. Usher & Rick Ross);Chris Brown;hip hop, pop, R&B;C#;2014
New Rules;Dua Lipa;pop;A;2017
Ni**as In Paris;JAY-Z;hip hop;C#;2011
Nice For What;Drake;hip hop, pop, R&B;Ab;2018
Night Changes;One Direction;pop;Ab;2014
Nights Like This (feat. Ty Dolla $ign);Kehlani;hip hop, pop, R&B;Ab;2019
Nine Million Bicycles;Katie Melua;pop, easy listening, jazz;C;2005
No Brainer;DJ Khaled;hip hop, pop;C;2018
No Hands (feat. Roscoe Dash & Wale);Waka Flocka Flame;hip hop, pop;C#;2010
No Hands (feat. Roscoe Dash & Wale);Waka Flocka Flame;hip hop, pop;C#;2010
No Letting Go;Wayne Wonder;hip hop, R&B;F;2003
No Lie;Sean Paul;hip hop, pop;G;2018
No Limit;G-Eazy;hip hop, pop;C#;2017
No Money;Galantis;pop, Dance/Electronic;F#;2016
No More;Ruff Endz;R&B;Bb;2000
No More (Baby I'ma Do Right);3LW;pop, R&B;D;2000
No More Drama;Mary J. Blige;pop, R&B;F#;2001
No One;Alicia Keys;pop, R&B;C#;2007
No Promises;Shayne Ward;pop;E;2006
No Promises (feat. Demi Lovato);Cheat Codes;pop, Dance/Electronic;Bb;2017
No Tomorrow;Orson;pop;Eb;2006
No Type;Rae Sremmurd;hip hop, pop;F#;2015
Nobody To Love - Radio Edit;Sigma;pop, Dance/Electronic;Ab;2014
Nobody Wants to Be Lonely (with Christina Aguilera);Ricky Martin;pop, latin;Bb;2008
Nobody's Home;Avril Lavigne;pop;F;2004
Nonstop;Drake;hip hop, pop, R&B;G;2018
Not Afraid;Eminem;hip hop;C;2010
Not Fair;Lily Allen;pop;F;2009
Not In Love - Radio Mix;Enrique Iglesias;pop, latin;C;2003
Not Nice;PARTYNEXTDOOR;hip hop, pop, R&B;C;2016
Nothin';N.O.R.E.;hip hop, pop;Eb;2002
Nothin' on You (feat. Bruno Mars);B.o.B;hip hop, pop;Bb;2010
Nothing Breaks Like a Heart (feat. Miley Cyrus);Mark Ronson;pop;G;2018
Now You're Gone - Video Edit;Basshunter;pop;C#;2008
Nu Flow;Big Brovaz;pop;G;2001
Numb;Linkin Park;rock, metal;A;2003
Numb / Encore;JAY-Z;hip hop;D;2004
Number 1;Tinchy Stryder;pop, Dance/Electronic;C;2009
OMG (feat. will.i.am);Usher;hip hop, pop, R&B;E;2010
Oblivion;Grimes;pop, rock, Dance/Electronic;D;2012
Obsessed;Mariah Carey;pop, R&B;Bb;2009
Of The Night;Bastille;pop, rock;F;2013
Oh (feat. Ludacris);Ciara;pop, R&B;G;2004
Oh Boy;Cam’ron;hip hop, pop;F#;2002
Old Town Road;Lil Nas X;hip hop, pop;C#;2019
Old Town Road - Remix;Lil Nas X;hip hop, pop;F#;2019
Omen;The Prodigy;rock, pop, Dance/Electronic;G;2009
On A Roll;Ashley O;set();F;2019
On Fire;Lloyd Banks;hip hop, pop;Ab;2004
On My Mind;Ellie Goulding;pop, rock, Dance/Electronic;D;2015
On The Floor;Jennifer Lopez;hip hop, pop, R&B;Eb;2011
On the Hotline - Amended Version;Pretty Ricky;hip hop, pop, R&B;Bb;2007
One;Mary J. Blige;pop, R&B;C;2005
One (Your Name) - Radio Edit;Swedish House Mafia;pop, Dance/Electronic;A;2010
One Call Away;Chingy;hip hop, pop, R&B;E;2003
One Dance;Drake;hip hop, pop, R&B;C#;2016
One Day / Reckoning Song (Wankelmut Remix) [Radio Edit];Asaf Avidan & the Mojos;pop;Eb;2012
One Kiss (with Dua Lipa);Calvin Harris;hip hop, pop, Dance/Electronic;A;2018
One Last Breath - Radio Version;Creed;pop, rock, metal;D;2015
One Last Time;Ariana Grande;pop;Ab;2014
One Love;Blue;pop;Ab;2002
One Minute Man (feat. Ludacris);Missy Elliott;hip hop, pop, R&B;A;2001
One More Night;Maroon 5;pop;F;2012
One More Time;Daft Punk;hip hop, Dance/Electronic;D;2001
One Step At a Time;Jordin Sparks;pop, R&B;C#;2007
One Thing Right;Marshmello;pop, Dance/Electronic;E;2019
One Time;Justin Bieber;pop;C#;2009
One Way or Another (Teenage Kicks);One Direction;pop;E;2013
One Wish;Ray J;hip hop, pop, R&B;F;2005
Only Girl (In The World);Rihanna;hip hop, pop, R&B;B;2010
Only Human;Jonas Brothers;pop;C;2019
Only Love Can Hurt Like This;Paloma Faith;pop, R&B, Dance/Electronic;Ab;2014
Only Time;Enya;World/Traditional, Folk/Acoustic;Eb;2000
Only U - No Intro;Ashanti;hip hop, pop, R&B;F#;2004
Oops (Oh My) [feat. Missy Elliott];Tweet;hip hop, pop, R&B;Bb;2002
Oops!...I Did It Again;Britney Spears;pop;C#;2000
Ophelia;The Lumineers;pop, Folk/Acoustic;F;2016
Options;NSG;World/Traditional, hip hop;C#;2020
Otherside;Red Hot Chili Peppers;rock;C;1999
Otro Trago;Sech;latin;C;2019
Out Of Reach;Gabrielle;pop, R&B;B;2001
Outside (feat. Ellie Goulding);Calvin Harris;hip hop, pop, Dance/Electronic;D;2014
Outta Control - Remix;50 Cent;hip hop, pop;Ab;2005
Outta My System (feat. T-Pain & Johntá Austin);Bow Wow;hip hop, pop, R&B;F#;2006
Over;Drake;hip hop, pop, R&B;G;2010
Over And Over;Nelly;hip hop, pop, R&B;G;2004
Overnight Celebrity;Twista;hip hop, pop, R&B;Bb;2004
Overprotected - Radio Edit;Britney Spears;pop;C;2001
P.I.M.P.;50 Cent;hip hop, pop;Bb;2003
PILLOWTALK;ZAYN;pop, Dance/Electronic;B;2016
Panda;Desiigner;hip hop, pop;Bb;2016
Panini;Lil Nas X;hip hop, pop;F;2019
Papaoutai;Stromae;pop;Bb;2013
Paparazzi;Lady Gaga;pop;F;2008
Paper Planes;M.I.A.;pop, rock;D;2007
Papercuts (feat. Vera Blue);Illy;hip hop, pop, Dance/Electronic;F#;2016
Paradise;Coldplay;rock, pop;F;2011
Paradise;Coldplay;rock, pop;F;2011
Paralyzer;Finger Eleven;rock, metal;B;2007
Paralyzer;Finger Eleven;rock, metal;B;2007
Paris;The Chainsmokers;pop, Dance/Electronic;D;2017
Part Of Me;Katy Perry;pop;F;2012
Party In The U.S.A.;Miley Cyrus;pop;Bb;2009
Party Like A Rock Star;Shop Boyz;hip hop, pop;G;2007
Party Rock Anthem;LMFAO;hip hop, pop, Dance/Electronic;F;2011
Party Up;DMX;hip hop, pop;B;1999
Pass Out;Tinie Tempah;hip hop, pop, Dance/Electronic;C#;2010
Pass The Courvoisier Part II (feat. P. Diddy & Pharrell) - Remix;Busta Rhymes;hip hop, pop;F#;2001
Passionfruit;Drake;hip hop, pop, R&B;B;2017
Patience;Take That;pop;Bb;2006
Patience;Take That;pop;Bb;2006
Payphone;Maroon 5;pop;E;2012
Peaches & Cream;112;hip hop, pop, R&B;E;2001
Perfect;One Direction;pop;D;2015
Perfect;Ed Sheeran;pop;Ab;2017
Perfect Strangers;Jonas Blue;pop, Dance/Electronic;C#;2016
Photograph;Nickelback;rock, metal;Ab;2005
Piece Of Your Heart;MEDUZA;pop, Dance/Electronic;Bb;2019
Piece of Me;Britney Spears;pop;B;2007
Pieces Of Me;Ashlee Simpson;pop;D;2004
Pink + White;Frank Ocean;hip hop, pop, R&B;A;2016
Pjanoo - Radio Edit;Eric Prydz;pop, Dance/Electronic;G;2008
Plain Jane;A$AP Ferg;hip hop, pop;B;2017
Play;David Banner;hip hop, pop;C#;2005
Play;Jennifer Lopez;hip hop, pop, R&B;C#;2001
Play Hard (feat. Ne-Yo & Akon);David Guetta;hip hop, pop, Dance/Electronic;Ab;2012
Please Don't Go;Joel Adams;R&B;E;2015
Please Me;Cardi B;hip hop, pop;C#;2019
Plug Walk;Rich The Kid;hip hop, pop;B;2018
Pocketful of Sunshine;Natasha Bedingfield;pop;A;2008
Point Of View - Radio Edit;DB Boulevard;Dance/Electronic;F#;2018
Poker Face;Lady Gaga;pop;E;2008
Pompeii;Bastille;pop, rock;A;2013
Pon de Replay;Rihanna;hip hop, pop, R&B;G;2005
Pop Out (feat. Lil Tjay);Polo G;hip hop;C#;2019
Pop Style;Drake;hip hop, pop, R&B;G;2016
Pop Ya Collar - Radio Edit;Usher;hip hop, pop, R&B;F;2016
Pop, Lock & Drop It - Video Edit;Huey;hip hop, pop;B;2006
Post Malone (feat. RANI);Sam Feldt;pop, Dance/Electronic;G;2019
Post to Be (feat. Chris Brown & Jhene Aiko);Omarion;hip hop, pop, R&B;Bb;2014
Pound The Alarm;Nicki Minaj;hip hop, pop;A;2012
Power Trip (feat. Miguel);J. Cole;hip hop;C#;2013
Powerglide (feat. Juicy J) - From SR3MM;Rae Sremmurd;hip hop, pop;C#;2018
Pray For Me (with Kendrick Lamar);The Weeknd;pop, R&B;D;2018
Prayer in C - Robin Schulz Radio Edit;Lilly Wood and The Prick;pop, rock;A;2014
Pretty Girl - Cheat Codes X CADE Remix;Maggie Lindemann;rock, pop;G;2017
Pretty Girl Rock;Keri Hilson;pop, R&B;B;2010
Pretty Green Eyes - Radio Edit;Ultrabeat;pop, Dance/Electronic;C#;2003
Price Tag;Jessie J;hip hop, pop;F;2011
Primadonna;MARINA;pop, Dance/Electronic;E;2012
Princess of China;Coldplay;rock, pop;A;2011
Problem;Ariana Grande;pop;C#;2014
Promiscuous;Nelly Furtado;hip hop, pop, latin;Bb;2006
Promise;Jagged Edge;hip hop, pop, R&B;F;2000
Promise;Ciara;pop, R&B;A;2006
Propane Nightmares;Pendulum;Dance/Electronic;G;2008
Proper Education - Radio Edit;Eric Prydz;pop, Dance/Electronic;C;2007
Psycho (feat. Ty Dolla $ign);Post Malone;hip hop;Ab;2018
Pullin' Me Back;Chingy;hip hop, pop, R&B;G;2006
Pump It;Black Eyed Peas;hip hop, pop;C#;2005
Pumped Up Kicks;Foster The People;rock, pop;F;2011
Pure Shores;All Saints;pop;F#;2000
Pure Water (with Migos);Mustard;hip hop, pop;C;2019
Purple Pills;D12;hip hop, pop, rock;C#;2001
Push The Button;Sugababes;pop, R&B;Ab;2005
Put On;Jeezy;hip hop, pop;A;2008
Put That Woman First;Jaheim;pop, R&B;F;2002
Put Your Hands Up For Detroit - Radio Edit;Fedde Le Grand;pop, Dance/Electronic;G;2015
Put Your Hands Up for Detroit - Radio Edit;Fedde Le Grand;pop, Dance/Electronic;G;2015
R.I.P. (feat. Tinie Tempah);Rita Ora;hip hop, pop, Dance/Electronic;B;2012
Rack City;Tyga;hip hop, pop;C#;2012
Radio;Robbie Williams;pop, rock;F;2004
Radioactive;Imagine Dragons;rock;A;2012
Rain On Me;Ashanti;hip hop, pop, R&B;Ab;2003
Rainy Dayz;Mary J. Blige;pop, R&B;F#;2001
Raise Your Glass;P!nk;pop;G;2010
Rake It Up (feat. Nicki Minaj);Yo Gotti;hip hop, pop;C#;2017
Ransom;Lil Tecca;hip hop;G;2019
Rapture (feat.Nadia Ali);iio;Dance/Electronic;Ab;2006
Rather Be (feat. Jess Glynne);Clean Bandit;pop, Dance/Electronic;B;2014
Read All About It;Professor Green;Dance/Electronic;B;2011
Read All About It, Pt. III;Emeli Sandé;pop, R&B;D;2012
Read Your Mind;Avant;pop, R&B;Ab;2003
Ready For Your Love;Gorgon City;pop, Dance/Electronic;F;2014
Ready or Not;Bridgit Mendler;pop;D;2012
Red Lights;Tiësto;pop, Dance/Electronic;Bb;2013
Reggaetón Lento (Remix);CNCO;pop, latin;E;2017
Rehab;Amy Winehouse;R&B;C;2006
Release Me;Agnes;pop, Dance/Electronic;D;2009
Reload - Radio Edit;Sebastian Ingrosso;pop, Dance/Electronic;A;2013
Remember the Name (feat. Styles of Beyond);Fort Minor;hip hop, pop, rock;Ab;2005
Renegades;X Ambassadors;hip hop, rock, pop;D;2015
Renegades;X Ambassadors;hip hop, rock, pop;D;2015
Replay;Iyaz;hip hop, pop;A;2009
Reptilia;The Strokes;rock;A;2003
Ric Flair Drip (with Metro Boomin);Offset;hip hop, pop;A;2017
Rich Girl;Gwen Stefani;pop, R&B;G;2004
Rich Love (with Seeb);OneRepublic;pop;C#;2017
Ride;Twenty One Pilots;rock;F#;2015
Ride;Lana Del Rey;pop;C;2012
Ride It;Regard;pop, Dance/Electronic;G;2019
Ride Wit Me;Nelly;hip hop, pop, R&B;G;2000
Ridin';Chamillionaire;hip hop, pop;Ab;2005
Ridin' Solo;Jason Derulo;hip hop, pop;A;2010
Right Above It;Lil Wayne;hip hop, pop;Eb;2010
Right Now (Na Na Na);Akon;pop;Ab;2008
Right Round;Flo Rida;hip hop, pop;G;2009
Right Thurr;Chingy;hip hop, pop, R&B;D;2003
Riptide;Vance Joy;rock, pop;C#;2014
Rise;Jonas Blue;pop, Dance/Electronic;C#;2018
Rise;Gabrielle;pop, R&B;Ab;2001
Rise;Gabrielle;pop, R&B;Ab;2001
Rise & Fall (feat. Sting);Craig David;hip hop, pop, R&B;F#;2002
River (feat. Ed Sheeran);Eminem;hip hop;Ab;2017
Riverside;Sidney Samson;Dance/Electronic;C#;2009
Roar;Katy Perry;pop;G;2013
Robbery;Juice WRLD;hip hop;D;2019
Rock DJ;Robbie Williams;pop, rock;G;2000
Rock The Boat;Aaliyah;hip hop, pop, R&B;F;2019
Rock This Party - Everybody Dance Now;Bob Sinclar;pop, Dance/Electronic;F;2006
Rock Wit U (Awww Baby);Ashanti;hip hop, pop, R&B;E;2003
Rock Your Body;Justin Timberlake;pop;E;2002
Rockabye (feat. Sean Paul & Anne-Marie);Clean Bandit;pop, Dance/Electronic;A;2016
Rocketeer;Far East Movement;hip hop, pop;E;2010
Rockin' That Shit;The-Dream;hip hop, pop, R&B;Ab;2009
Rockstar;Nickelback;rock, metal;C;2005
Rolex;Ayo & Teo;hip hop, pop;C#;2017
Roll Up;Wiz Khalifa;hip hop, pop;Eb;2011
Rollin' (Air Raid Vehicle);Limp Bizkit;metal;C#;2000
Rolling in the Deep;Adele;pop, R&B;Ab;2011
Rollout (My Business);Ludacris;hip hop, pop;G;2001
Romeo;Basement Jaxx;pop, Dance/Electronic;D;2001
Roses;The Chainsmokers;pop, Dance/Electronic;E;2015
Round Round;Sugababes;pop, R&B;F#;2002
Royals;Lorde;pop, Dance/Electronic;G;2013
Ruby;Kaiser Chiefs;rock;F;2007
Rude;MAGIC!;set();C#;2014
Rude Boy;Rihanna;hip hop, pop, R&B;B;2009
Rule The World - Radio Edit;Take That;pop;D;2007
Rumour Has It;Adele;pop, R&B;C;2011
Run;Leona Lewis;pop, R&B;F;2007
Run It! (feat. Juelz Santana);Chris Brown;hip hop, pop, R&B;C#;2005
Run This Town;JAY-Z;hip hop;C#;2009
Runaway (U & I);Galantis;pop, Dance/Electronic;C#;2015
Runaway Love;Ludacris;hip hop, pop;C#;2006
Russian Roulette;Rihanna;hip hop, pop, R&B;F#;2009
S&M;Rihanna;hip hop, pop, R&B;C#;2010
SAD!;XXXTENTACION;hip hop;Ab;2018
SICKO MODE;Travis Scott;hip hop, Dance/Electronic;Ab;2018
SICKO MODE;Travis Scott;hip hop, Dance/Electronic;Ab;2018
SOS;Rihanna;hip hop, pop, R&B;G;2006
SOS (feat. Aloe Blacc);Avicii;pop, Dance/Electronic;F;2019
SUBEME LA RADIO (feat. Descemer Bueno & Zion & Lennox);Enrique Iglesias;pop, latin;C;2017
Safe And Sound;Capital Cities;pop;C;2013
Sail;AWOLNATION;pop, rock;C#;2011
Salt Shaker;Ying Yang Twins;hip hop, pop;B;2003
Same Old Love;Selena Gomez;pop;B;2015
Same Old Love;Selena Gomez;pop;B;2015
Sandstorm;Darude;pop, Dance/Electronic;B;2001
Satisfaction (Isak Original Extended) - Benny Benassi Presents The Biz;Benny Benassi;pop, Dance/Electronic;B;2003
Save That Shit;Lil Peep;hip hop;D;2017
Save The World;Swedish House Mafia;pop, Dance/Electronic;C;2011
Savin' Me;Nickelback;rock, metal;Eb;2005
Say Aah (feat. Fabolous);Trey Songz;hip hop, pop, R&B;C#;2009
Say It;Flume;Dance/Electronic;Eb;2016
Say It;Tory Lanez;hip hop, pop, R&B;B;2016
Say It Right;Nelly Furtado;hip hop, pop, latin;C#;2006
Say My Name;Destiny's Child;pop, R&B;F;1999
Say Yes;Floetry;hip hop, pop, R&B;F;2002
Scandalous - U.S. Radio Edit;Mis-Teeq;pop, Dance/Electronic;C;2004
Scared to Be Lonely;Martin Garrix;pop, Dance/Electronic;C#;2017
Scars;Papa Roach;rock, metal;B;2004
Scars To Your Beautiful;Alessia Cara;pop, R&B;C;2016
Scream;Usher;hip hop, pop, R&B;G;2012
Scream & Shout;will.i.am;hip hop, pop;F;2013
Second Chance;Shinedown;rock, metal;C;2008
Secreto;Anuel AA;latin;B;2019
Secrets;OneRepublic;pop;D;2009
See You Again;Miley Cyrus;pop;A;2007
See You Again (feat. Charlie Puth);Wiz Khalifa;hip hop, pop;Bb;2015
Seek Bromance - Avicii’s Vocal Edit;Tim Berg;pop, Dance/Electronic;B;2010
Sensual Seduction;Snoop Dogg;hip hop, pop;B;2007
Separated;Avant;pop, R&B;C;2000
Set Fire to the Rain;Adele;pop, R&B;D;2011
Seven Nation Army;The White Stripes;rock, blues;E;2003
Sex;Cheat Codes;pop, Dance/Electronic;C;2016
Sex on Fire;Kings of Leon;rock;A;2008
Sex on Fire;Kings of Leon;rock;A;2008
Sexbomb;Tom Jones;rock, Folk/Acoustic, easy listening;Ab;1999
Sexy And I Know It;LMFAO;hip hop, pop, Dance/Electronic;G;2011
Sexy And I Know It;LMFAO;hip hop, pop, Dance/Electronic;G;2011
Sexy Bitch (feat. Akon);David Guetta;hip hop, pop, Dance/Electronic;B;2010
Sexy Can I feat. Yung Berg;Ray J;hip hop, pop, R&B;C#;2008
Sexy Love;Ne-Yo;pop, R&B;Ab;2006
SexyBack (feat. Timbaland);Justin Timberlake;pop;G;2006
Señorita;Shawn Mendes;pop;A;2019
Shackles (Praise You);Mary Mary;R&B;G;2000
Shake It;Metro Station;pop, rock;E;2007
Shake It Off;Taylor Swift;pop;G;2014
Shake That;Eminem;hip hop;C#;2005
Shake Ya Ass;Mystikal;hip hop, pop;G;2000
Shake Ya Tailfeather (feat. P. Diddy & Murphy Lee) - 2016 Remaster;Nelly;hip hop, pop, R&B;C#;2016
Shalala Lala;Vengaboys;pop;D;2000
Shallow;Lady Gaga;pop;G;2018
Shape of My Heart;Backstreet Boys;pop;A;2000
Shape of You;Ed Sheeran;pop;C#;2017
Shawty (feat. T Pain);Plies;hip hop, pop, R&B;E;2007
She Bangs - English Version;Ricky Martin;pop, latin;C#;2000
She Doesn't Mind;Sean Paul;hip hop, pop;G;2012
She Hates Me;Puddle Of Mudd;rock, metal;E;2001
She Looks So Perfect;5 Seconds of Summer;pop;A;2014
She Said;Plan B;Dance/Electronic;Eb;2010
She Wants To Move;N.E.R.D;hip hop;F;2004
She Wolf;Shakira;pop, latin;G;2009
She Wolf (Falling to Pieces) [feat. Sia];David Guetta;hip hop, pop, Dance/Electronic;G;2012
Shine;Years & Years;pop, Dance/Electronic;C#;2015
Shiver;Natalie Imbruglia;pop, Folk/Acoustic;C#;2005
Shotta Flow (feat. Blueface) [Remix];NLE Choppa;hip hop;D;2019
Shout Out to My Ex;Little Mix;pop;F;2017
Show Me (feat. Chris Brown);Kid Ink;hip hop, pop;G;2014
Show Me the Meaning of Being Lonely;Backstreet Boys;pop;F#;1999
Shower;Becky G;pop, latin;D;2014
Shut Up;Black Eyed Peas;hip hop, pop;D;2003
Shut Up And Drive;Rihanna;hip hop, pop, R&B;C#;2008
Shut Up and Let Me Go;The Ting Tings;pop, rock, Dance/Electronic;G;2007
Sick Boy;The Chainsmokers;pop, Dance/Electronic;B;2018
Sick and Tired;Anastacia;pop;C;1999
Side To Side;Ariana Grande;pop;F#;2016
Signs;Snoop Dogg;hip hop, pop;G;2004
Silence;Marshmello;pop, Dance/Electronic;E;2017
Silhouettes - Original Radio Edit;Avicii;pop, Dance/Electronic;F;2012
Sin Pijama;Becky G;pop, latin;B;2018
Since U Been Gone;Kelly Clarkson;pop, R&B;A;2004
Sing;Ed Sheeran;pop;Ab;2014
Sing;Travis;rock, pop;E;2001
Sing For The Moment;Eminem;hip hop;F;2002
Single Ladies (Put a Ring on It);Beyoncé;pop, R&B;C#;2008
Sit Still, Look Pretty;Daya;rock, pop, Dance/Electronic;D;2016
Sk8er Boi;Avril Lavigne;pop;C;2002
Skin;Rag'n'Bone Man;R&B;C;2017
Skyfall;Adele;pop, R&B;C;2012
Slippery (feat. Gucci Mane);Migos;hip hop, pop;C#;2017
Slow Down - 12" Version;Bobby V.;hip hop, pop, R&B;B;2005
Slow Jamz;Twista;hip hop, pop, R&B;D;2004
Slow Motion;JUVENILE;hip hop, pop;C;2003
Smack That;Akon;pop;F;2006
Smile;Lily Allen;pop;F;2006
Smooth Criminal;Alien Ant Farm;rock, metal;A;2001
Snap Yo Fingers;Lil Jon;hip hop, pop;Ab;2006
Snow (Hey Oh);Red Hot Chili Peppers;rock;B;2006
So Am I;Ava Max;pop;F#;2019
So Gone;Monica;pop, R&B;Ab;2003
So Sick;Ne-Yo;pop, R&B;F#;2006
So What;P!nk;pop;B;2008
Sober;P!nk;pop;F#;2010
Soldier (feat. T.I. & Lil' Wayne);Destiny's Child;pop, R&B;G;2004
Solo (feat. Demi Lovato);Clean Bandit;pop, Dance/Electronic;B;2018
Solo Dance;Martin Jensen;pop, Dance/Electronic;F#;2016
Soltera - Remix;Lunay;pop, latin;F;2019
Some Cut;Trillville;hip hop, pop;C#;2004
Somebody;Natalie La Rose;set();C;2014
Somebody That I Used To Know;Gotye;set();C;2011
Someday;Nickelback;rock, metal;B;2003
Someone Like You;Adele;pop, R&B;A;2011
Someone You Loved;Lewis Capaldi;pop;C#;2019
Somethin' Stupid;Robbie Williams;pop, rock;C;2001
Something;Lasgo;pop;G;2001
Something Just Like This;The Chainsmokers;pop, Dance/Electronic;B;2017
Something Kinda Ooooh;Girls Aloud;pop, Dance/Electronic;B;2012
Sometimes You Can't Make It On Your Own;U2;World/Traditional, rock;D;2004
Sonnentanz - Sun Don't Shine;Klangkarussell;pop, Dance/Electronic;F;2014
Sorry;Beyoncé;pop, R&B;D;2016
Sorry;Justin Bieber;pop;C;2015
Sorry;Justin Bieber;pop;C;2015
Sorry;Joel Corry;pop, Dance/Electronic;Ab;2019
Sorry;Madonna;pop;C;2005
Sorry Seems To Be The Hardest Word;Blue;pop;G;2004
Soul Survivor;Jeezy;hip hop, pop;Bb;2005
Sound Of The Underground;Girls Aloud;pop, Dance/Electronic;B;2003
Southern Hospitality (Featuring Pharrell);Ludacris;hip hop, pop;C;2000
Southside;Lloyd;hip hop, pop, R&B;A;2004
Spectrum (Say My Name) - Calvin Harris Remix;Florence + The Machine;rock, pop, Dance/Electronic;B;2011
Speed of Sound;Coldplay;rock, pop;B;2005
Spinning Around;Kylie Minogue;pop, Dance/Electronic;F#;2000
Spinning Around;Kylie Minogue;pop, Dance/Electronic;F#;2000
Spirits;The Strumbellas;rock, Folk/Acoustic, pop;C;2016
Splash Waterfalls;Ludacris;hip hop, pop;B;2003
Spotlight;Jennifer Hudson;pop, R&B, easy listening;B;2008
Spotlight;Marshmello;pop, Dance/Electronic;G;2018
Stan;Eminem;hip hop;F#;2000
Stand Up;Ludacris;hip hop, pop;F#;2003
Starboy;The Weeknd;pop, R&B;G;2016
Starlight - Radio Edit;The Supermen Lovers;Dance/Electronic;C;2001
Starry Eyed;Ellie Goulding;pop, rock, Dance/Electronic;F;2010
Starships;Nicki Minaj;hip hop, pop;B;2012
Starstrukk;3OH!3;hip hop, pop, rock;B;2010
Started From the Bottom;Drake;hip hop, pop, R&B;Ab;2013
Starz In Their Eyes;Just Jack;Dance/Electronic;Eb;2006
Stay;Rihanna;hip hop, pop, R&B;A;2012
Stay The Night - Featuring Hayley Williams Of Paramore;Zedd;hip hop, pop, Dance/Electronic;Ab;2014
Stay With Me;Sam Smith;pop;C;2014
Steady, As She Goes;The Raconteurs;rock;A;2006
Steal My Girl;One Direction;pop;Bb;2014
Stereo Hearts (feat. Adam Levine);Gym Class Heroes;hip hop, pop;A;2011
Stereo Love - Radio Edit;Edward Maya;pop;C#;2010
Stereo Love - Radio Edit;Edward Maya;pop;C#;2010
Stickwitu;The Pussycat Dolls;pop, R&B;A;2005
Stickwitu;The Pussycat Dolls;pop, R&B;A;2005
Still Fly;Big Tymers;hip hop, pop;B;2002
Still into You;Paramore;pop, rock;F;2013
Stir Fry;Migos;hip hop, pop;D;2018
Stitches;Shawn Mendes;pop;C#;2015
Stole;Kelly Rowland;hip hop, pop, R&B;G;2002
Stole the Show;Kygo;pop, Dance/Electronic;Ab;2016
Stole the Show;Kygo;pop, Dance/Electronic;Ab;2016
Stolen Dance;Milky Chance;set();B;2014
Stop And Stare;OneRepublic;pop;E;2007
Stop Me (feat. Daniel Merriweather);Mark Ronson;pop;C;2007
Story of My Life;One Direction;pop;Eb;2013
Stranger in My House;Tamia;pop, R&B;C;2000
Stressed Out;Twenty One Pilots;rock;E;2015
Strike a Pose (feat. Aitch);Young T & Bugsey;hip hop;C#;2019
Strip That Down;Liam Payne;pop;F#;2017
Stronger;Kanye West;hip hop;Bb;2007
Stronger (What Doesn't Kill You);Kelly Clarkson;pop, R&B;C;2011
Stupid Girls;P!nk;pop;E;2006
Stutter (feat. Mystikal) - Double Take Remix;Joe;pop, R&B;F#;2000
Style;Taylor Swift;pop;G;2014
Style;Taylor Swift;pop;G;2014
Sucker;Jonas Brothers;pop;C#;2019
Sucker for Pain (with Wiz Khalifa, Imagine Dragons, Logic & Ty Dolla $ign feat. X Ambassadors);Lil Wayne;hip hop, pop;A;2016
Suddenly I See;KT Tunstall;World/Traditional, pop, Folk/Acoustic;C;2005
Suffocate - Superclean;J. Holiday;hip hop, pop, R&B, Dance/Electronic;A;2007
Suga Suga;Baby Bash;hip hop, pop, R&B, latin;F;2003
Suga Suga;Baby Bash;hip hop, pop, R&B, latin;F;2003
Sugar;Maroon 5;pop;C#;2014
Sugar (feat. Francesco Yates);Robin Schulz;pop, Dance/Electronic;F;2015
Suge;DaBaby;hip hop;D;2019
Suit & Tie (feat. Jay-Z);Justin Timberlake;pop;B;2013
Summer;Calvin Harris;hip hop, pop, Dance/Electronic;E;2014
Summer Love;Justin Timberlake;pop;C;2006
Summertime Sadness (Lana Del Rey Vs. Cedric Gervais) - Cedric Gervais Remix;Lana Del Rey;pop;C#;2013
Sunflower - Spider-Man: Into the Spider-Verse;Post Malone;hip hop;D;2019
Sunrise;Simply Red;rock, R&B, Folk/Acoustic, pop;F;2008
Sunset Lover;Petit Biscuit;Dance/Electronic;F#;2015
Sunshine (feat. Anthony Hamilton);Twista;hip hop, pop, R&B;B;2004
Sunshine (feat. Lea);Lil' Flip;hip hop, pop;C;2004
Super Bass;Nicki Minaj;hip hop, pop;B;2010
Superheroes;The Script;pop, rock;Eb;2014
Supermassive Black Hole;Muse;rock;G;2006
Superstar;Jamelia;pop;C#;2003
Superstar (feat. Matthew Santos);Lupe Fiasco;hip hop, pop;B;2007
Sure Be Cool If You Did;Blake Shelton;country;B;2013
Sure Thing;Miguel;pop, R&B;B;2010
Survivor;Destiny's Child;pop, R&B;C#;2001
Swalla (feat. Nicki Minaj & Ty Dolla $ign);Jason Derulo;hip hop, pop;C#;2017
Swang;Rae Sremmurd;hip hop, pop;Ab;2016
Sweat - Remix;Snoop Dogg;hip hop, pop;G;2011
Sweater Weather;The Neighbourhood;rock, pop;Bb;2013
Sweet About Me;Gabriella Cilmi;R&B;F#;2008
Sweet Dreams;Beyoncé;pop, R&B;C#;2008
Sweet Dreams My LA Ex - Radio Edit;Rachel Stevens;pop, Dance/Electronic;D;2003
Sweet Lovin' - Radio Edit;Sigala;pop, Dance/Electronic;Bb;2015
Sweet Nothing (feat. Florence Welch);Calvin Harris;hip hop, pop, Dance/Electronic;Ab;2012
Sweet but Psycho;Ava Max;pop;C#;2018
Sweetest Girl (Dollar Bill) (feat. Akon, Lil' Wayne & Niia);Wyclef Jean;set();C#;2007
Swervin (feat. 6ix9ine);A Boogie Wit da Hoodie;hip hop;A;2018
Swimming Pools (Drank) - Extended Version;Kendrick Lamar;hip hop;C#;2012
Switch;Will Smith;hip hop, pop;F;2020
Symphony (feat. Zara Larsson);Clean Bandit;pop, Dance/Electronic;C;2017
T-Shirt;Migos;hip hop, pop;Bb;2017
Tainted Love;Marilyn Manson;rock, metal;Ab;2003
Take A Bow;Rihanna;hip hop, pop, R&B;A;2008
Take A Look Around;Limp Bizkit;metal;B;2000
Take Care;Drake;hip hop, pop, R&B;C;2011
Take It Off;Kesha;pop, Dance/Electronic;F;2010
Take Me Back to London (feat. Stormzy);Ed Sheeran;pop;Ab;2019
Take Me Out;Franz Ferdinand;rock;E;2004
Take Me To Church;Hozier;Folk/Acoustic, pop;E;2014
Take Me To The Clouds Above - LMC Vs. U2 / Radio Edit;LMC;Dance/Electronic;F#;2004
Take You There;Sean Kingston;hip hop, pop, R&B;F;2008
Taki Taki (feat. Selena Gomez, Ozuna & Cardi B);DJ Snake;hip hop, pop, Dance/Electronic;Ab;2019
Taki Taki (with Selena Gomez, Ozuna & Cardi B);DJ Snake;hip hop, pop, Dance/Electronic;Ab;2018
Talk Dirty (feat. 2 Chainz);Jason Derulo;hip hop, pop;F#;2013
Talk Dirty (feat. 2 Chainz);Jason Derulo;hip hop, pop;F#;2013
Talking Body;Tove Lo;pop, Dance/Electronic;E;2014
Talking Body;Tove Lo;pop, Dance/Electronic;E;2014
Talking to the Moon;Bruno Mars;pop;C#;2010
Taste (feat. Offset);Tyga;hip hop, pop;C;2018
Tattoo;Jordin Sparks;pop, R&B;D;2007
Te Amo;Rihanna;hip hop, pop, R&B;Ab;2009
Te Boté - Remix;Nio Garcia;latin;B;2018
Teach Me How to Dougie;Cali Swag District;hip hop, pop;B;2011
Team;Lorde;pop, Dance/Electronic;F#;2013
Team;Lorde;pop, Dance/Electronic;F#;2013
Tears (feat. Louisa Johnson);Clean Bandit;pop, Dance/Electronic;F;2016
Teenage Dirtbag;Wheatus;set();E;1999
Teenage Dream;Katy Perry;pop;Bb;2010
Teenagers;My Chemical Romance;rock;E;2006
Telephone;Lady Gaga;pop;Eb;2009
Temperature;Sean Paul;hip hop, pop;C;2005
Thank God I Found You (feat. Joe & 98°);Mariah Carey;pop, R&B;Bb;1999
Thank You;Dido;pop;C#;1999
That's My Goal;Shayne Ward;pop;D;2006
That's Not My Name;The Ting Tings;pop, rock, Dance/Electronic;A;2008
That's the Way It Is;Céline Dion;pop;A;1999
The Adventures of Rain Dance Maggie;Red Hot Chili Peppers;rock;E;2011
The Boy Does Nothing;Alesha Dixon;pop;Eb;2008
The Closest Thing to Crazy;Katie Melua;pop, easy listening, jazz;E;2003
The Creeps - Fedde Le Grand Radio Mix;Camille Jones;set();F#;2006
The Edge Of Glory;Lady Gaga;pop;A;2011
The Fear;Lily Allen;pop;Bb;2009
The Flood;Take That;pop;B;2010
The Fox (What Does the Fox Say?);Ylvis;hip hop;F#;2013
The Girl Is Mine;99 Souls;Dance/Electronic;A;2016
The Git Up;Blanco Brown;hip hop, country;A;2019
The Great Escape;Boys Like Girls;pop;C#;2007
The Greatest (feat. Kendrick Lamar);Sia;pop;C#;2016
The Greatest Show;Hugh Jackman;easy listening;B;2017
The Heart Wants What It Wants;Selena Gomez;pop;G;2014
The Heart Wants What It Wants;Selena Gomez;pop;G;2014
The Hills;The Weeknd;pop, R&B;C;2015
The Jump Off (feat. Mr. Cheeks) - Remix;Lil' Kim;hip hop, pop, R&B;C#;2003
The Ketchup Song (Aserejé) - Spanglish Version;Las Ketchup;set();C#;2002
The Kill;Thirty Seconds To Mars;rock;E;2005
The Lazy Song;Bruno Mars;pop;Ab;2010
The Less I Know The Better;Tame Impala;metal;E;2015
The Logical Song;Scooter;pop, Dance/Electronic;F#;2013
The London (feat. J. Cole & Travis Scott);Young Thug;hip hop, pop;E;2019
The Middle;Zedd;hip hop, pop, Dance/Electronic;G;2018
The Middle;Jimmy Eat World;rock, pop;D;2001
The Monster;Eminem;hip hop;C#;2013
The Motto;Drake;hip hop, pop, R&B;C#;2011
The Next Episode;Dr. Dre;hip hop;Bb;1999
The Nights;Avicii;pop, Dance/Electronic;F#;2014
The Ocean (feat. Shy Martin);Mike Perry;pop, Dance/Electronic;F;2016
The One That Got Away;Katy Perry;pop;C#;2012
The Other Side;Jason Derulo;hip hop, pop;A;2013
The Pretender;Foo Fighters;rock, metal;A;2007
The Real Slim Shady;Eminem;hip hop;F;2000
The Reason;Hoobastank;pop, rock, metal;E;2003
The Riddle;Gigi D'Agostino;pop;F#;1999
The Rose;Westlife;pop;A;2006
The Seed (2.0);The Roots;hip hop;G;2002
The Show Goes On;Lupe Fiasco;hip hop, pop;G;2011
The Sweet Escape;Gwen Stefani;pop, R&B;C#;2006
The Tide Is High - Radio Mix;Atomic Kitten;pop;G;2002
The Time (Dirty Bit);Black Eyed Peas;hip hop, pop;F#;2010
The Time Is Now;Moloko;pop, Dance/Electronic;A;2000
The Way;Ariana Grande;pop;F;2013
The Way I Am;Charlie Puth;pop;Bb;2018
The Way I Are;Timbaland;hip hop, pop, R&B;Eb;2007
The Way I Live - Main Explicit;Baby Boy Da Prince;hip hop, pop;C;2006
The Way You Move (feat. Sleepy Brown);Outkast;hip hop, pop;F;2003
The Way You Move (feat. Sleepy Brown);Outkast;hip hop, pop;F;2003
The Whole World (feat. Killer Mike);Outkast;hip hop, pop;D;2001
There You Go;P!nk;pop;Bb;2000
There You'll Be;Faith Hill;pop, country;Ab;2001
There's Nothing Holdin' Me Back;Shawn Mendes;pop;D;2017
Thinking About You (feat. Ayah Marar);Calvin Harris;hip hop, pop, Dance/Electronic;C;2012
Thinking out Loud;Ed Sheeran;pop;D;2014
This Ain't A Scene, It's An Arms Race;Fall Out Boy;rock;A;2007
This Ain't a Love Song;Scouting For Girls;pop, rock;C;2017
This Feeling;The Chainsmokers;pop, Dance/Electronic;C#;2018
This Girl - Kungs Vs. Cookin' On 3 Burners;Kungs;pop, Dance/Electronic;C;2016
This Is How We Do;Katy Perry;pop;A;2013
This Is Love;will.i.am;hip hop, pop;C;2013
This Is What It Feels Like;Armin van Buuren;pop, Dance/Electronic;Ab;2013
This Is What You Came For (feat. Rihanna);Calvin Harris;hip hop, pop, Dance/Electronic;A;2016
This Is Why I'm Hot;MiMS;hip hop, pop;Ab;2007
This Love;Maroon 5;pop;F;2002
This One's for You (feat. Zara Larsson) (Official Song UEFA EURO 2016);David Guetta;hip hop, pop, Dance/Electronic;A;2016
Thnks fr th Mmrs;Fall Out Boy;rock;Bb;2007
Thong Song;Sisqo;hip hop, pop, R&B;D;1999
Thotiana;Blueface;hip hop;Bb;2018
Thrift Shop (feat. Wanz);Macklemore & Ryan Lewis;hip hop, pop;F#;2012
Through The Wire;Kanye West;hip hop;G;2004
Throw It In The Bag;Fabolous;hip hop, pop, R&B;B;2009
Throw Some D's;Rich Boy;hip hop, pop;B;2007
Thunder;Imagine Dragons;rock;C;2017
Thunder in My Heart Again (Radio Edit);Meck;set();D;2005
TiK ToK;Kesha;pop, Dance/Electronic;D;2010
Tiimmy Turner;Desiigner;hip hop, pop;F#;2016
Till the World Ends;Britney Spears;pop;Ab;2011
Timber (feat. Ke$ha);Pitbull;hip hop, pop, latin;B;2012
Time of Our Lives;Pitbull;hip hop, pop, latin;C#;2014
Tip Toe (feat. French Montana);Jason Derulo;hip hop, pop;Bb;2017
Tipsy - Club Mix;J-Kwon;hip hop, pop;A;2001
Titanium (feat. Sia);David Guetta;hip hop, pop, Dance/Electronic;C;2012
Tongue Tied;Grouplove;pop, rock, Folk/Acoustic;Eb;2011
Tonight (I'm Fuckin' You);Enrique Iglesias;pop, latin;C;2010
Tonight Tonight;Hot Chelle Rae;hip hop, pop, rock;E;2011
Too Close;Alex Clare;rock;B;2011
Too Good;Drake;hip hop, pop, R&B;G;2016
Too Good At Goodbyes;Sam Smith;pop;F;2017
Too Little Too Late;JoJo;hip hop, pop, R&B;F#;2006
Too Lost In You;Sugababes;pop, R&B;C#;2003
Too Lost In You;Sugababes;pop, R&B;C#;2003
Touch It;Busta Rhymes;hip hop, pop;C#;2006
Touch Me (Radio Edit) [feat. Cassandra];Rui Da Silva;Dance/Electronic;C;2001
Touch My Body;Mariah Carey;pop, R&B;E;2008
Touch The Sky;Kanye West;hip hop;A;2005
Toxic;Britney Spears;pop;F;2003
Trap Queen;Fetty Wap;hip hop, pop;G;2015
Treasure;Bruno Mars;pop;F;2012
Treat You Better;Shawn Mendes;pop;Bb;2017
Trick Me;Kelis;pop, R&B, Dance/Electronic;C#;2003
Trip;Ella Mai;hip hop, pop, R&B;B;2018
Tripping;Robbie Williams;pop, rock;D;2005
Troublemaker (feat. Flo Rida);Olly Murs;pop, Dance/Electronic;C;2012
True;Ryan Cabrera;pop;F#;2004
True Love (feat. Lily Allen);P!nk;pop;A;2012
Trumpets;Jason Derulo;hip hop, pop;C;2013
Try;P!nk;pop;D;2012
Try;P!nk;pop;D;2012
Try Again;Aaliyah;hip hop, pop, R&B;F#;2002
Tuesday (feat. Danelle Sandoval);Burak Yeter;Dance/Electronic;A;2016
Tunnel Vision;Kodak Black;hip hop;B;2017
Turn Down for What;DJ Snake;hip hop, pop, Dance/Electronic;C#;2013
Turn Me On;Kevin Lyttle;hip hop;A;2004
Turn Me On (feat. Nicki Minaj);David Guetta;hip hop, pop, Dance/Electronic;Ab;2012
Turn My Swag On;Soulja Boy;hip hop, pop;Eb;2008
Turn Off The Light;Nelly Furtado;hip hop, pop, latin;D;2000
Turn Up the Music;Chris Brown;hip hop, pop, R&B;C#;2012
Turnin Me On - Original Dirty;Keri Hilson;pop, R&B;C#;2008
U + Ur Hand;P!nk;pop;C;2006
U Don't Have to Call;Usher;hip hop, pop, R&B;C#;2001
U Know What's Up (feat. Lisa "Left Eye" Lopes);Donell Jones;pop, R&B;Ab;1999
U Make Me Wanna - Radio Edit;Blue;pop;G;2003
U and Dat (feat. T. Pain & Kandi Girl);E-40;hip hop, pop;F#;2006
Ugly Heart;G.R.L.;pop;A;2014
Uh Huh;B2K;hip hop, pop, R&B;D;2002
Umbrella;Rihanna;hip hop, pop, R&B;C#;2008
Unchained Melody;Gareth Gates;pop;Bb;2003
Unconditionally;Katy Perry;pop;G;2013
Under Control (feat. Hurts);Calvin Harris;hip hop, pop, Dance/Electronic;Ab;2014
Underneath It All;No Doubt;rock, pop;E;2001
Underneath Your Clothes;Shakira;pop, latin;Ab;2001
Unfaithful;Rihanna;hip hop, pop, R&B;C;2006
Unforgettable;French Montana;hip hop, pop;F#;2017
Until The End Of Time;2Pac;hip hop;Ab;2001
Untouched;The Veronicas;pop, Dance/Electronic;F#;2005
Unwell;Matchbox Twenty;pop, rock;F#;2002
Unwritten;Natasha Bedingfield;pop;F;2004
Up (feat. Demi Lovato);Olly Murs;pop, Dance/Electronic;A;2014
Uprising;Muse;rock;D;2009
Uptown Funk (feat. Bruno Mars);Mark Ronson;pop;C;2015
Vaina Loca;Ozuna;latin;F#;2018
Valerie (feat. Amy Winehouse) - Version Revisited;Mark Ronson;pop;C#;2007
Vertigo;U2;World/Traditional, rock;A;2004
Violet Hill;Coldplay;rock, pop;C#;2008
Viva La Vida;Coldplay;rock, pop;F;2008
Vossi Bop;Stormzy;hip hop, Dance/Electronic;Ab;2019
Wait (The Whisper Song);Ying Yang Twins;hip hop, pop;G;2005
Wait a Minute!;WILLOW;pop, R&B, Dance/Electronic;Eb;2015
Wait for You;Elliott Yamin;set();C;2007
Waiting All Night (feat. Ella Eyre);Rudimental;pop, Dance/Electronic;F#;2013
Waiting For Love;Avicii;pop, Dance/Electronic;F#;2015
Wake Me Up;Avicii;pop, Dance/Electronic;D;2013
Waking Up In Vegas;Katy Perry;pop;F;2008
Walk It Out;Unk;hip hop, pop;C#;2013
Walk It Talk It;Migos;hip hop, pop;D;2018
Walking On A Dream;Empire of the Sun;rock, pop, Dance/Electronic;F;2008
Wanksta - From "8 Mile" Soundtrack;50 Cent;hip hop, pop;C#;2003
Wanna Get To Know You;G-Unit;hip hop, pop;Bb;2003
Want U Back;Cher Lloyd;pop, Dance/Electronic;A;2011
Wasted;Tiësto;pop, Dance/Electronic;D;2014
Wasting My Time;Default;rock, pop, metal;D;2001
Watch Me (Whip / Nae Nae);Silentó;hip hop;Ab;2015
Waves - Robin Schulz Radio Edit;Mr. Probz;hip hop, Dance/Electronic;F;2014
Wavin' Flag;K'NAAN;set();C;2009
Way down We Go;KALEO;rock, classical;Bb;2015
We Are Young (feat. Janelle Monáe);fun.;rock, pop;Bb;2012
We Be Burnin';Sean Paul;hip hop, pop;C#;2005
We Belong Together;Mariah Carey;pop, R&B;C;2005
We Can't Stop;Miley Cyrus;pop;C#;2013
We Come 1 - Radio Edit;Faithless;pop, Dance/Electronic;F;2015
We Don't Talk Anymore (feat. Selena Gomez);Charlie Puth;pop;C#;2016
We Fly High;Jim Jones;hip hop, pop;C#;2006
We Found Love;Rihanna;hip hop, pop, R&B;C#;2011
We Found Love;Rihanna;hip hop, pop, R&B;C#;2011
We Made You;Eminem;hip hop;D;2009
We No Speak Americano (JT Radio Edit);Yolanda Be Cool;Dance/Electronic;F#;2010
We Own It (Fast & Furious);2 Chainz;hip hop, pop;C#;2013
We R Who We R;Kesha;pop, Dance/Electronic;Ab;2010
We'll Be Coming Back (feat. Example);Calvin Harris;hip hop, pop, Dance/Electronic;G;2012
Weak;AJR;rock;F;2017
Wearing My Rolex - Radio Edit;Wiley;hip hop, Dance/Electronic;C#;2008
Welcome to the Black Parade;My Chemical Romance;rock;D;2006
What About Us;The Saturdays;pop, Dance/Electronic;G;2013
What About Us?;Brandy;hip hop, pop, R&B;F;2002
What Do You Mean?;Justin Bieber;pop;F;2015
What Goes Around.../...Comes Around (Interlude);Justin Timberlake;pop;G;2006
What Hurts The Most;Rascal Flatts;country;F;2006
What I've Done;Linkin Park;rock, metal;F;2007
What Makes You Beautiful;One Direction;pop;E;2012
What Took You So Long?;Emma Bunton;pop;A;2001
What You Got;Colby O'Donis;hip hop, pop, R&B;C#;2008
What You Know;Two Door Cinema Club;World/Traditional, rock, pop;F#;2010
What You Know;T.I.;hip hop, pop;B;2006
What You Waiting For?;Gwen Stefani;pop, R&B;F;2004
What the Hell;Avril Lavigne;pop;F#;2011
What'chu Like (feat. Tyrese);Da Brat;hip hop, pop, R&B;Bb;2000
What's It Gonna Be (feat. Platnum);H "two" O;Dance/Electronic;A;2008
What's Left Of Me;Nick Lachey;pop;G;2006
What's Luv? (feat. Ja-Rule & Ashanti);Fat Joe;hip hop, pop;Ab;2001
What's My Name?;Rihanna;hip hop, pop, R&B;D;2010
What's My Name?;Rihanna;hip hop, pop, R&B;D;2010
Whataya Want from Me;Adam Lambert;pop;B;2009
Whatcha Say;Jason Derulo;hip hop, pop;B;2010
Whatcha Say;Jason Derulo;hip hop, pop;B;2010
Whatever It Takes;Imagine Dragons;rock;Bb;2017
Whatever You Like;T.I.;hip hop, pop;A;2008
Whatever You Like;T.I.;hip hop, pop;A;2008
When I Grow Up;The Pussycat Dolls;pop, R&B;B;2008
When I Was Your Man;Bruno Mars;pop;C;2012
When I'm Gone;Eminem;hip hop;Bb;2005
When I'm Gone;3 Doors Down;pop, rock, metal;G;2002
When Love Takes Over (feat. Kelly Rowland);David Guetta;hip hop, pop, Dance/Electronic;B;2010
When The Sun Goes Down;Arctic Monkeys;rock;B;2006
When We Collide;Matt Cardle;pop;D;2011
When We Stand Together;Nickelback;rock, metal;Bb;2011
When You Look At Me - Radio Edit;Christina Milian;hip hop, pop, R&B;Eb;2001
When You're Gone;Avril Lavigne;pop;E;2007
Whenever, Wherever;Shakira;pop, latin;C#;2001
Where Are Ü Now (with Justin Bieber);Jack Ü;pop, Dance/Electronic;E;2015
Where Have You Been;Rihanna;hip hop, pop, R&B;C;2011
Where I Wanna Be;Donell Jones;pop, R&B;F;1999
Where Is The Love?;Black Eyed Peas;hip hop, pop;F;2003
Where Them Girls At (feat. Nicki Minaj & Flo Rida);David Guetta;hip hop, pop, Dance/Electronic;Eb;2012
Where the Party At (feat. Nelly);Jagged Edge;hip hop, pop, R&B;F;2001
Where'd You Go (feat. Holly Brook & Jonah Matranga);Fort Minor;hip hop, pop, rock;C#;2005
Wherever I Go;OneRepublic;pop;Bb;2016
Wherever You Will Go;Charlene Soraia;pop;A;2011
Wherever You Will Go;The Calling;pop;D;2001
Whistle;Flo Rida;hip hop, pop;C;2012
White Flag;Dido;pop;F;2003
White Flag;Dido;pop;F;2003
White Noise;Disclosure;pop, Dance/Electronic;Bb;2013
Who Knew;P!nk;pop;A;2006
Who Let The Dogs Out;Baha Men;R&B;C;2000
Who Says;Selena Gomez & The Scene;pop, Dance/Electronic;E;2011
Who's That Chick? (feat. Rihanna);David Guetta;hip hop, pop, Dance/Electronic;B;2010
Whole Again;Atomic Kitten;pop;E;2001
Why'd You Only Call Me When You're High?;Arctic Monkeys;rock;D;2013
Wide Awake;Katy Perry;pop;F;2012
Wifey;Next;hip hop, pop, R&B;G;2004
Wiggle (feat. Snoop Dogg);Jason Derulo;hip hop, pop;A;2013
Wild Ones (feat. Sia);Flo Rida;hip hop, pop;F;2012
Wild Thoughts (feat. Rihanna & Bryson Tiller);DJ Khaled;hip hop, pop;C;2017
Wildest Dreams;Taylor Swift;pop;Ab;2014
Wings;Little Mix;pop;G;2012
Wings;Birdy;pop;G;2013
Wish You Well;Sigala;pop, Dance/Electronic;F;2019
Wish You Were Mine - Radio Edit;Philip George;pop, Dance/Electronic;G;2014
With Arms Wide Open;Creed;pop, rock, metal;C;1999
With Every Heartbeat;Robyn;pop, Dance/Electronic;E;2005
With You;Jessica Simpson;pop, R&B;C;2003
With You;Chris Brown;hip hop, pop, R&B;Eb;2007
Without Me;Eminem;hip hop;G;2002
Without Me;Halsey;pop, Dance/Electronic;F#;2018
Without You (feat. Sandro Cavazza);Avicii;pop, Dance/Electronic;D;2017
Without You (feat. Usher);David Guetta;hip hop, pop, Dance/Electronic;D;2012
Wolves;Selena Gomez;pop;B;2017
Womanizer;Britney Spears;pop;B;2008
Wonderful World;James Morrison;pop, R&B;C#;2006
Work;Rihanna;hip hop, pop, R&B;B;2016
Work;Kelly Rowland;hip hop, pop, R&B;Bb;2010
Work B**ch;Britney Spears;pop;A;2013
Work Hard, Play Hard;Wiz Khalifa;hip hop, pop;B;2012
Work It;Missy Elliott;hip hop, pop, R&B;C#;2002
Work It;Missy Elliott;hip hop, pop, R&B;C#;2002
Work from Home (feat. Ty Dolla $ign);Fifth Harmony;pop;Ab;2016
Worth It (feat. Kid Ink);Fifth Harmony;pop;Ab;2015
Wow;Kylie Minogue;pop, Dance/Electronic;A;2007
Wow.;Post Malone;hip hop;B;2019
Wrapped Up (feat. Travie McCoy);Olly Murs;pop, Dance/Electronic;C#;2014
Wrecking Ball;Miley Cyrus;pop;F;2013
Writing's On The Wall - From "Spectre" Soundtrack;Sam Smith;pop;F;2015
Written in the Stars (feat. Eric Turner);Tinie Tempah;hip hop, pop, Dance/Electronic;G;2010
X;Nicky Jam;latin;A;2019
X Gon' Give It To Ya;DMX;hip hop, pop;Bb;2007
XO Tour Llif3;Lil Uzi Vert;hip hop;B;2017
Yeah 3x;Chris Brown;hip hop, pop, R&B;B;2011
Yeah! (feat. Lil Jon & Ludacris);Usher;hip hop, pop, R&B;D;2004
Years - ラジオ・エディット;Alesso;pop, Dance/Electronic;D;2012
Yes Indeed;Lil Baby;hip hop;F;2018
Yo (Excuse Me Miss);Chris Brown;hip hop, pop, R&B;E;2005
You;Lloyd;hip hop, pop, R&B;F;2007
You Belong With Me;Taylor Swift;pop;F#;2008
You Don't Know Me - Radio Edit;Jax Jones;hip hop, pop, Dance/Electronic;B;2016
You Don't Know My Name;Alicia Keys;pop, R&B;A;2003
You Don't Own Me (feat. G-Eazy);SAYGRACE;pop, R&B;G;2016
You Don't Own Me (feat. G-Eazy);SAYGRACE;pop, R&B;G;2015
You Found Me;The Fray;pop;Ab;2009
You Give Me Something;James Morrison;pop, R&B;G;2006
You Know I'm No Good;Amy Winehouse;R&B;A;2006
You Know You Like It;DJ Snake;hip hop, pop, Dance/Electronic;F;2014
You Know You Like It;DJ Snake;hip hop, pop, Dance/Electronic;F;2014
You Make Me Feel... (feat. Sabi);Cobra Starship;pop, Dance/Electronic;G;2011
You Raise Me Up;Westlife;pop;Bb;2005
You Rock My World;Michael Jackson;pop, R&B;E;2001
You Sang To Me;Marc Anthony;pop, latin;Bb;1999
You're All I Have;Snow Patrol;World/Traditional, rock, pop;D;2006
You're Beautiful;James Blunt;pop;C;2005
You're Gonna Go Far, Kid;The Offspring;rock, pop, metal;C;2008
Young Forever;JAY-Z;hip hop;A;2009
Young, Wild & Free (feat. Bruno Mars);Snoop Dogg;hip hop, pop;C;2011
Youngblood;5 Seconds of Summer;pop;G;2018
Your Body;Pretty Ricky;hip hop, pop, R&B;E;2005
Your Love Alone Is Not Enough (feat. Nina Persson);Manic Street Preachers;rock, pop;D;2007
Your Love Is My Drug;Kesha;pop, Dance/Electronic;C#;2010
Youth of the Nation;P.O.D.;rock, metal;Ab;2001
ZEZE (feat. Travis Scott & Offset);Kodak Black;hip hop;Ab;2018
a lot;21 Savage;hip hop;C#;2018
bad guy;Billie Eilish;pop, Dance/Electronic;G;2019
boyfriend (with Social House);Ariana Grande;pop;Bb;2019
break up with your girlfriend, i'm bored;Ariana Grande;pop;F;2019
bury a friend;Billie Eilish;pop, Dance/Electronic;Ab;2019
changes;XXXTENTACION;hip hop;B;2018
do re mi;blackbear;hip hop, pop, Dance/Electronic;Ab;2017
emotions;iann dior;hip hop, pop;A;2019
gone girl;iann dior;hip hop, pop;B;2019
goosebumps;Travis Scott;hip hop, Dance/Electronic;G;2016
human;Christina Perri;pop;Ab;2013
i hate u, i love u (feat. olivia o'brien);Garrett Nash;hip hop, pop;F#;2016
i'm so tired...;Lauv;pop, Dance/Electronic;B;2019
lovely (with Khalid);Billie Eilish;pop, Dance/Electronic;E;2018
lovely (with Khalid);Billie Eilish;pop, Dance/Electronic;E;2018
m.A.A.d city;Kendrick Lamar;hip hop;D;2012
no tears left to cry;Ariana Grande;pop;A;2018
oui;Jeremih;hip hop, pop, R&B;F;2015
rockstar (feat. 21 Savage);Post Malone;hip hop;F;2018
Circles;Post Malone;hip hop;C;2019
11-Dec-25 16:45:29
